interview__key,enti,coordenada__Latitude,coordenada__Longitude,id_estab,modalidad,otra_modalidad,entidad,municipio,localidad,avenida,corredor,hora_inicial,razon_s,nom_estab,ok_entrev,per_ocupado,consumo,mercado__1,mercado__2,mercado__3,origen,reg_perd_prod,t_registro,banco_ali__1,banco_ali__2,productos__0,productos__1,productos__2,productos__3,productos__4,productos__5,productos__6,productos__7,productos__8,productos__9,productos__10,programa__1,programa__2,programa__3,medidas,esp_medidas,obs
02-07-61-84,Chiapas,-999999999,-999999999,E-07-03-04-00,1,,7,180,Tuxtla Gutiérrez,1avenida sur oriente,frente a mercado de verduras,2020-11-06T14:16:10,Jarocho Carnicerías S.A de C.V,jarocho Carnicerías,1,2,1,1,0,0,1,2,,1,0,"carnes de pollo, res y puerco",##N/A##,##N/A##,##N/A##,##N/A##,##N/A##,##N/A##,##N/A##,##N/A##,##N/A##,##N/A##,0,1,0,2,,sin observaciones
10-05-05-59,Guanajuato,-999999999,-999999999,E-11-01-02-02,3,,11,332,Celaya,NA,NA,2020-11-17T12:21:30,Ana Hernández,Biscoto Postres Celaya,1,1,1,1,0,0,3,2,,0,0,Galleta,Crema para batir,mantequilla,Chocolate,##N/A##,##N/A##,##N/A##,##N/A##,##N/A##,##N/A##,##N/A##,0,0,0,2,,Negocio mediante venta de redes sociales/ no cuenta con local físico
59-38-14-72,Guanajuato,-999999999,-999999999,E-11-01-02-04,2,,11,332,Celaya,"Manuel Doblado, 304, Col. Centro",Mercado 5 de Febrero,2020-11-17T12:38:34,Alicia Rodríguez,NA,1,1,1,1,0,0,3,2,,0,0,Plátano,Manzana,Jamaica,limon,##N/A##,##N/A##,##N/A##,##N/A##,##N/A##,##N/A##,##N/A##,0,0,0,2,,Ninguna
45-98-88-68,Guanajuato,-999999999,-999999999,E-11-01-02-01,3,,11,332,Celaya,"Los Aztecas 504, Barrio de Santiaguito, Celaya, Gto.",Mercado cañitos,2020-11-17T12:11:11,Osvaldo Núñez Rodríguez,Abarrotes y semillas la esquina,1,1,3,1,0,0,3,3,,0,0,frijol,huevo,almendra,nuez,garbanzo,alpiste,##N/A##,##N/A##,##N/A##,##N/A##,##N/A##,0,0,0,1,Chequeo previo del producto a comprar,Ninguna
02-85-64-84,Guanajuato,20.530923,-100.85168,E-11-01-01-01,2,,11,326,Abasolo,"5 de Mayo 312, Col. Centro",NA,2020-11-16T10:37:24,Manuela Medina Rodríguez,"""Cocina económica """"Mani""""""",1,2,1,1,0,0,1,2,,1,0,Menú de comida completa,##N/A##,##N/A##,##N/A##,##N/A##,##N/A##,##N/A##,##N/A##,##N/A##,##N/A##,##N/A##,1,1,1,1,La preventa y pedido anticipado,la señora Manuela se encarga de vender productos basándose en los requerimientos del cliente por lo que sus desperdicios alimentarios son mínimos. la comida sobrante la almacena o la reparte entre sus trabajadores por lo que considera que los desperdicios que genera son mínimos. además de su cocina económica administra la cafetería de una escuela por lo que utiliza lo que no se vende para coordinarlo en su segundo negocio. ella maneja sus inventarios según sus materias primas.
54-20-67-43,Chiapas,17.509638,-91.987904,E-06-05-04-01,1,,7,145,palenque,zona turística La cañada,zona turística,2020-11-07T11:59:43,Rafael buitrón Guzmán,restaurante Casa antoliana,1,2,1,1,0,0,1,1,bitácora,1,1,30 kg filete de pescado,##N/A##,##N/A##,##N/A##,##N/A##,##N/A##,##N/A##,##N/A##,##N/A##,##N/A##,##N/A##,0,1,1,1,verificaciones de caducado,"una entrevista muy fluida, con conocimientos previos del encargado"
01-43-03-64,Chiapas,17.509513,-91.988315,E-07-05-01-02,1,,7,145,palenque,avenida marla grin número 7,edificio,2020-11-07T12:11:58,Ingeniero Miguel Angel Sánchez Morales,hotel chablis palenque,1,3,1,1,1,1,1,1,bitácora,0,0,filete de res 90 órdenes mensuales,##N/A##,##N/A##,##N/A##,##N/A##,##N/A##,##N/A##,##N/A##,##N/A##,##N/A##,##N/A##,1,1,1,1,"selección de productos, verificación de caducados",si tenía conocimiento del tema
00-52-44-33,Veracruz,19.068942,-97.046855,E-99-99-99-99,1,,30,2136,coscomatepec,calle Ignacio López rayón,NA,2020-11-18T14:04:55,David Antonio Torales Tejeda,NA,1,1,3,1,0,0,1,2,,0,0,"manzana, plantando, chiles secos, pepinos, coyote, brócoli, sandia, melon, platano macho, peras, duraznos, limón, cilantro, cebollas, papas, calabazas, melon, papayas, aguacate, ajos, jitomate, tomate, chile gordo, chile, kiwi y alimento la posta para a",##N/A##,##N/A##,##N/A##,##N/A##,##N/A##,##N/A##,##N/A##,##N/A##,##N/A##,##N/A##,0,0,0,1,En frutas y verduras se vende para desperdicio de los animales y en el alimento la misma empresa lo cambia,podría igual apartar la fruta y verdura que ya esta próxima para venderla aunque sea a bajo precio
56-93-50-65,Veracruz,19.046895,-97.145567,E-99-99-99-99,1,,30,2136,tetelzingo,calle: Insurgente Sur Colonia: Centro  S/N,Las Gueras,2020-11-18T11:58:12,Alicia Martínez Nazario,Las Gueras,1,1,1,1,0,0,3,2,,0,0,"jitomate, tomate, zanahoria, cebolla, naranja, papas, chiles, cilantro, aguacate, melon, plátanos,papayas, lechuga, brócoli, sandia etcétera",##N/A##,##N/A##,##N/A##,##N/A##,##N/A##,##N/A##,##N/A##,##N/A##,##N/A##,##N/A##,0,0,0,1,para consumo de porcinos se les junta el desperdicio de todas las frutas y verduras ya pasadas,NA
75-80-02-25,Guanajuato,20.530918,-100.851763,E-11-01-01-02,3,,11,326,Abasolo,"Echegaray 200, Col. Centro",NA,2020-11-16T10:49:14,María Alicia Roaro Reséndiz,"""Comedor Industrial """"Licha""""""",1,3,1,1,0,0,1,1,Reportando los alimentos que se dañan o se echan a perder y lo restamos del costo de la próxima compra,0,0,Combos de comida rápida,"Platillos armados para comedores de pequeñas empresas, negocios y oficinas",##N/A##,##N/A##,##N/A##,##N/A##,##N/A##,##N/A##,##N/A##,##N/A##,##N/A##,0,1,0,2,,"La señora Alicia vende a empresas, oficinas y centro de salud. Como cuenta con un sólo transporte para la entregas, la mayoría de sus desperdicios son por caídas de platillos o porque se lleva de más producto por si se requiere, pero al final de la entrega, ya no están en condiciones de refrigerarse de nuevo."
46-20-50-93,Jalisco,-999999999,-999999999,E-14-01-04-01,4,,14,660,Santa Fe,progreso,ND,2020-11-18T15:37:00,Lácteos Estrada S.A. de C.V.,Lácteos Estrada,1,4,1,1,0,0,1,2,,0,0,Queso Oaxaca,Requeson,Adobera de Mesa,Adobera de fundir,Panela,##N/A##,##N/A##,##N/A##,##N/A##,##N/A##,##N/A##,0,1,0,1,analisis de leche,"Se realizó la encuesta con copias ya que la aplicación no se podía utilizar, los desperdicios son muy inusuales. se hizo presencial pero no se podía capturar la ubicación. la entrevista se realizó el 11 de noviembre a las 10:20 a.m. y finalizó a las 10:50 a.m."
75-48-02-01,Jalisco,-999999999,-999999999,E-14-01-01-02,2,,14,660,Santa fe,Francisco I madero #60,no aplica,2020-11-18T16:55:22,José Cervantes,José Cervantes,1,1,1,1,0,0,1,1,bitacora,1,1,queso panela,##N/A##,##N/A##,##N/A##,##N/A##,##N/A##,##N/A##,##N/A##,##N/A##,##N/A##,##N/A##,0,1,0,2,,dijo que no había cambios del 2019 al 2020
12-36-13-35,Jalisco,-999999999,-999999999,E-14-01-04-02,4,,14,660,Santa Fe,Progreso #130,ND,2020-11-18T15:54:26,Lácteos Conchita,Lácteos Conchita,1,1,1,1,0,0,1,2,,1,1,Queso Panela,Requeson,Queso Adobera de Mesa,Queso Oaxaca,Queso Adobera de fundir,##N/A##,##N/A##,##N/A##,##N/A##,##N/A##,##N/A##,0,1,0,2,,"El señor aclara que no deja desperdiciar nada ya que no recibe productos qud ya salieron de su establecimiento. La entrevista se realizó de manera presencial el día 11 de Noviembre pero n ose pudo capturar las coordenadas, se realizó de 11:10-11:20"
46-14-89-64,Jalisco,-999999999,-999999999,E-14-01-01-01,2,,14,660,Santa fe,Francisco I madero #61,ninguno,2020-11-18T16:37:58,lácteos Meli,lácteos Meli,1,1,2,0,1,0,1,2,,0,0,Queso cotija,Queso Oaxaca,Queso panela,Queso Adobera,##N/A##,##N/A##,##N/A##,##N/A##,##N/A##,##N/A##,##N/A##,0,0,0,2,,"No conocía de las normas,no conocía el banco de alimentos"
54-84-41-90,Jalisco,-999999999,-999999999,E-14-01-04-03,4,,14,660,Santa fe,Prolongación Progreso #32A,ND,2020-11-18T16:04:09,Lácteos Dany,Lácteos Dany,1,1,1,1,0,0,1,2,,1,1,Queso Oaxaca,Queso Adobera de fundir,Queso Panela,Queso de Mesa,Requeson,##N/A##,##N/A##,##N/A##,##N/A##,##N/A##,##N/A##,0,0,0,2,,La encuesta se realizó de manera presencial el día 16 de Noviembre de 11:05-11:13 pero no fue posible captar las coordenadas.
32-81-38-30,Jalisco,-999999999,-999999999,E-14-01-01-03,2,,14,660,Santa fe,#121,no aplica,2020-11-18T17:02:59,Ana María Nuño,lácteos Santa Anita,1,1,1,1,0,0,1,2,,0,0,panela,##N/A##,##N/A##,##N/A##,##N/A##,##N/A##,##N/A##,##N/A##,##N/A##,##N/A##,##N/A##,0,0,0,2,,No supo contestar algunas preguntas
75-61-09-61,Guanajuato,20.521548,-100.829458,E-99-99-99-99,1,,11,332,celaya,Av. las fuentes  #101 col. las fuentes,centro comercial o conjunto,2020-11-18T19:27:26,Fernando Agostadero,Bora Borazza,1,3,1,1,0,0,1,2,,0,1,pizza,boneless,##N/A##,##N/A##,##N/A##,##N/A##,##N/A##,##N/A##,##N/A##,##N/A##,##N/A##,0,1,1,2,,##N/A##
20-71-86-36,Guanajuato,20.5199,-100.81991,E-99-99-99-99,1,,11,332,celaya,Av las fuentes #103 col. las fuentes,centro comercial o conjunto,2020-11-16T20:58:51,Enrique Palma Ortega,Rest View Resto & Deck,1,3,1,1,0,0,1,2,,0,0,boneless,hamburguesas,alitas,pizza,##N/A##,##N/A##,##N/A##,##N/A##,##N/A##,##N/A##,##N/A##,0,0,1,1,comprar menos cantidad,##N/A##
62-26-83-91,Jalisco,-999999999,-999999999,E-14-01-01-04,2,,14,660,Santa fe,#6,no aplica,2020-11-18T17:14:24,Lácteos del Real,lácteos del Real,1,1,1,1,0,0,1,2,,0,0,queso panela,queso de mesa,queso de fundir,requesón,##N/A##,##N/A##,##N/A##,##N/A##,##N/A##,##N/A##,##N/A##,0,0,0,2,,no conocía de normas
33-09-39-82,Guanajuato,20.499083,-100.816581,E-11-01-03-01,1,,11,332,Celaya,"Calle León,#603,Col.Santa María",Centro comercial,2020-11-18T14:42:11,El buen sazón,El buen sazón,1,1,1,1,0,0,1,2,,1,0,Pollo,Huevo,Ensalada verde,Cóctel de frutas,##N/A##,##N/A##,##N/A##,##N/A##,##N/A##,##N/A##,##N/A##,1,1,1,1,"Capacitar al personal,comprar sólo la materia prima necesaria,verificar la fecha de caducidad.",La persona se mostró amable al proporcionar la información.
80-78-89-92,Guanajuato,20.52152,-100.829471,E-99-99-99-99,1,,11,332,celaya,prolongación Hidalgo SN/S col. las fuentes,centro comercial o conjunto,2020-11-18T19:41:27,Juan Carlos,cantina Hidalgo,1,3,1,1,0,0,3,2,,1,1,pozole,tostadas,enchiladas,##N/A##,##N/A##,##N/A##,##N/A##,##N/A##,##N/A##,##N/A##,##N/A##,1,1,1,1,se regala a los empleados,##N/A##
94-01-32-67,Guanajuato,20.484726,-100.962666,E-11-01-04-02,1,,11,336,cortazar centro,"mercado Miguel Hidalgo, local 137, cortazar",mercado Hidalgo,2020-11-15T13:03:41,Ismael Patiño Alejos,Frutería Patiño,1,1,1,1,0,0,1,1,bitácora,1,0,plátano,fresa,naranja,papaya,##N/A##,##N/A##,##N/A##,##N/A##,##N/A##,##N/A##,##N/A##,0,0,1,1,Separar de acuerdo al estado de madurez,Fue una entrevista clara y el entrevistado respondió con amabilidad. fueron datos aproximados
15-02-62-54,Jalisco,-999999999,-999999999,E-14-01-01-05,2,,14,660,Santa fe,#48,no aplica,2020-11-18T17:38:29,lácteos la mesita,lácteos la mesita,1,1,1,1,0,0,1,2,,0,0,Queso panela,##N/A##,##N/A##,##N/A##,##N/A##,##N/A##,##N/A##,##N/A##,##N/A##,##N/A##,##N/A##,0,0,0,2,,no conocía de las normas
97-61-82-54,Guanajuato,20.484332,-100.962378,E-11-01-04-03,1,,11,336,cortazar,"Ignacio allende, mercado Miguel Hidalgo, local 141, cortazar",Mercado Miguel Hidalgo,2020-11-15T13:26:09,Samuel Hernández Flores,Pollería Samy,1,1,1,1,0,0,1,2,,0,0,pollo fresco,##N/A##,##N/A##,##N/A##,##N/A##,##N/A##,##N/A##,##N/A##,##N/A##,##N/A##,##N/A##,0,1,0,1,"que los pollos tengan su alimento, vitaminas, agua",El entrevistado no tenía registro por lo que muchos datos eran aproximados
78-42-05-65,Jalisco,-999999999,-999999999,E-14-01-01-06,2,,14,660,Santa fe,#110,no aplica,2020-11-18T17:42:37,lácteos coronado,lácteos coronado,1,1,1,1,0,0,1,2,,0,0,queso de mesa,##N/A##,##N/A##,##N/A##,##N/A##,##N/A##,##N/A##,##N/A##,##N/A##,##N/A##,##N/A##,0,0,0,2,,##N/A##
47-45-50-81,Jalisco,-999999999,-999999999,E-14-01-01-07,2,,14,660,Santa fe,Emiliano Zapata #142,no aplica,2020-11-18T17:47:19,lácteos la peñita,lácteos la peñita,1,1,1,1,0,0,1,2,,0,0,queso Adobera,##N/A##,##N/A##,##N/A##,##N/A##,##N/A##,##N/A##,##N/A##,##N/A##,##N/A##,##N/A##,0,0,0,2,,##N/A##
50-46-70-99,Guanajuato,20.521523,-100.829455,E-99-99-99-99,1,,11,332,celaya,prolongación Hidalgo #1016-3 col. las fuentes,centro comercial o conjunto,2020-11-18T19:49:44,Roberto Ozuna,código postal 19,1,3,1,1,0,0,1,2,,1,1,enchiladas,alitas,hamburguesas,tacos,##N/A##,##N/A##,##N/A##,##N/A##,##N/A##,##N/A##,##N/A##,1,1,1,2,,##N/A##
76-26-19-30,Coahuila,28.7069167,-100.5335,E-05-04-10-02,2,,5,57,Piedras Negras,"Prolongación Puebla, 205 Colonia San José",na,2020-11-09T12:04:15,Julia Segura Martínez,Restaurante Emiliano,1,1,1,1,0,0,1,2,,0,0,Pechuga de pollo,##N/A##,##N/A##,##N/A##,##N/A##,##N/A##,##N/A##,##N/A##,##N/A##,##N/A##,##N/A##,0,0,0,1,Mejor aprovechamiento del producto,NA
06-08-47-90,Zacatecas,23.827382,-103.07,E-32-01-02-01,4,,32,2446,Río Grande,"Colón, 15, Centro",conjunto,2020-11-16T18:28:08,Roberto Delgado Barrios,El Lobito II,1,1,1,1,0,0,1,1,bitácora,0,0,Carnes Rojas,Refrescos,Tortillas,Cebolla,Cilantro,Tomate,Limón,##N/A##,##N/A##,##N/A##,##N/A##,0,1,0,1,Hacer Ofertas,El GPS no funcionó y marco la última ubicación que fue registrada en el móvil sin embargo la dirección fue registrada en los apartados de domicilio.
51-75-59-85,Tamaulipas,-999999999,-999999999,E-28-07-01-01,3,,28,2027,Victoria,"Calle Río Corona, #250, Fraccionamiento Zozaya",Centro comercial,2020-11-17T15:36:32,Productos Alimenticios Xico S.A de C.V,Xico,1,1,1,1,0,0,3,1,Libro,1,0,Queso,Tocino,Jamón,Salchicha,Chorizo,##N/A##,##N/A##,##N/A##,##N/A##,##N/A##,##N/A##,1,0,0,1,Darle la rotación correcta al producto,"Seleccioné el municipio varias veces, aún así no se guarda la respuesta."
78-71-63-16,Tamaulipas,-999999999,-999999999,E-28-07-05-01,4,,28,2027,Cd.Victoria,"Calle Bellavista #1214, Chapultepec, 87130, Cd Victoria, Tamps.",Salón de eventos,2020-11-17T13:57:41,Salón de Eventos Mayakar,Salón de Eventos Mayakar,1,2,1,1,0,0,3,2,,0,0,Carne de res,Carne de cerdo,Brocoli,Colifror,Papa,Zanahoria,Pollo,##N/A##,##N/A##,##N/A##,##N/A##,0,1,1,1,Comprar el producto de acuerdo al número de personas por evento.,"Esta encuesta es una recaptura y las coordenadas donde se llevo a cabo la entrevista presencial son: 23.7181022, -99.1247956. No se permitió tomar fotografías de los residuos ya que no se contaba con ellos en el establecimiento."
26-51-66-98,Tamaulipas,-999999999,-999999999,E-28-01-01-02,3,,28,2027,Victoria,"Calle Río Corona, #250, Fraccionamiento Zozaya",Centro comercial,2020-11-17T15:57:33,Grupo Bafar S.A de C.V,Bafar,1,1,1,0,1,0,1,1,Libro,1,0,Jamón a granel,Salchicha a granel,Jamón de paquetería,Salchicha de paquetería,Salchicha para asar,Tocino,##N/A##,##N/A##,##N/A##,##N/A##,##N/A##,0,1,0,1,Estar al pendiente con la fecha de los productos para que no se pase la caducidad,La aplicación no guarda el municipio que se registra.
19-20-87-84,Tamaulipas,-999999999,-999999999,E-28-01-01-03,3,,28,2027,Victoria,"Calle Río Corona, #250, Fraccionamiento Zozaya",Centro comercial,2020-11-17T16:05:45,Sigma Alimentos Noreste S.A de C.V,Sigma,1,1,1,0,1,0,3,1,Libro,1,0,Jamón de paquetería,Salchicha de paquetería,Yogurth,Jamón a granel,Salchicha a granel,Tocino de paquetería,Salchicha para asar,Crema,Tacos de maíz (paquetería),##N/A##,##N/A##,0,1,0,1,Ofertas,La aplicación no me permite guardar el municipio.
10-67-95-74,Hidalgo,-999999999,-999999999,E-13-01-01-01,2,,13,500,Pachuca de Soto,"14 de febrero, número 2, San Antonio el Desmonte",NA,2020-11-17T18:50:25,Minisuper San Antonio,Minisuper San Antonio,1,1,1,1,0,0,1,1,Bitacora,0,0,Huevo,Leche,Salchicha,Jitomate,##N/A##,##N/A##,##N/A##,##N/A##,##N/A##,##N/A##,##N/A##,0,0,0,1,Comprar cada semana,Se capturo nuevamente
18-99-05-74,Coahuila,28.673985,-100.559145,E-05-04-10-01,2,,5,57,Piedras Negras,"Calle Bres, 313, Central",na,2020-11-06T16:33:31,Nadia Zereth Aguilar Ramón,El Antojo,1,2,1,1,0,0,1,2,,1,0,Pechuga de pollo preparada,caldos,Tortas,##N/A##,##N/A##,##N/A##,##N/A##,##N/A##,##N/A##,##N/A##,##N/A##,0,1,1,1,"Capacitación del personal en manejo de alimentos, PEPS.","""Ubicación 28°61'29.0""""N 100°32'34.9''W"""
96-31-44-15,Tamaulipas,23.7198343,-99.1278843,E-28-07-05-02,4,,28,2027,Cd. Victoria,"Ave. De la Unidad, S.N, Colonia Vista Hermosa",Local,2020-11-17T18:58:10,Frutería Valle de Escol,Frutería Valle de Escol,1,3,3,1,0,0,1,1,Diario de mermas,1,0,Tómate,Chile,Papa,Cebolla,Lechuga,##N/A##,##N/A##,##N/A##,##N/A##,##N/A##,##N/A##,0,0,1,1,Negociar con los proveedores,"Esta entrevista se volvió a recaptura, las coordenadas donde se llevo a cabo la entrevista son: 23.7198343, -99.1278843. Los productos de los cuales proporciono información fueron los que más vende y almacena, siendo estos parte de la canasta básica."
42-81-25-93,Coahuila,-999999999,-999999999,E-05-03-01-04,2,,5,68,Viesca,"Av. Emiliano Zapata, #24, Colonia:Oscar Flores Tapia",NA,2020-11-10T16:16:43,Martha Elia Murillo Hernández,Martha's Cake,1,1,1,1,0,0,3,2,,0,0,Harina,Huevo,Mantequilla,leche,frutas enlatadas,fresas frescas,##N/A##,##N/A##,##N/A##,##N/A##,##N/A##,0,0,0,1,"Compro otro refrigerador, procura comprar solo lo necesario",no se pudo obtener la ubicación
28-11-84-29,Hidalgo,-999999999,-999999999,E-13-01-01-02,2,,13,504,San Juan Tilcuautla,"Juarez s/n, colonia la venta",NA,2020-11-17T19:06:15,Restaurant la Antena,La Antena,1,1,1,1,0,0,1,1,Bitacora,0,0,Carnitas de cerdo,Quesadillas,Chilaquiles,Tacos dorados,Enchiladas,##N/A##,##N/A##,##N/A##,##N/A##,##N/A##,##N/A##,0,0,0,1,Comprar cada tercer dia,Entrevista exitosa
65-90-50-74,Tabasco,16.802762,-96.439849,E-20-01-11-01,1,,20,1480,San Pablo Güilá,"Manuel Ávila Camacho, NA, centro",NA,2020-11-05T16:46:43,Melesio Morales Santiago,carnicería el Chato,1,1,1,1,0,0,1,2,,0,0,carne de cerdo,carne de res,##N/A##,##N/A##,##N/A##,##N/A##,##N/A##,##N/A##,##N/A##,##N/A##,##N/A##,0,1,0,1,ser más cuidadosos,tienen buena higiene
18-07-11-74,Coahuila,-999999999,-999999999,E-05-03-01-03,2,,5,68,Viesca,"Av. Independencia, #7, Colonia: Centro",NA,2020-11-10T12:04:33,Laura Elena Rey,Loncheria Laura,1,1,1,1,0,0,1,2,,0,0,Carne de puerco,Pan francés,tortillas de maiz,aguacate,tomate,cebolla,limon,##N/A##,##N/A##,##N/A##,##N/A##,0,0,0,2,,no se proporcionó la ubicación del local para las coordenadas
77-01-74-26,Coahuila,25.3325315,-102.8044149,E-05-03-01-01,2,,5,68,Viesca,"Dr. Francisco González, #406, Colonia: El Tinaco",NA,2020-11-09T10:05:46,Nora Campos,NA,1,1,1,1,0,0,1,2,,0,0,Harina,Manteca Vegetal,Azucar,leche condensada,galletas Maria,queso crema,##N/A##,##N/A##,##N/A##,##N/A##,##N/A##,0,0,0,1,Tomar en cuenta la temporada que es (alta o baja) y comprar solo lo necesario,"Coordenadas del establecimiento: 25.3325315, -102.8044149"
78-65-72-32,Coahuila,25.406791,-100.964086,E-05-04-02-01,2,,5,68,Viesca,"avenida 5 de mayo, #12, colonia centro",N/D,2020-11-10T10:14:36,Bacilio Antonio Murillo Hernández,El mesón de mis abuelas che lo y chole,1,1,1,1,0,0,3,2,,0,0,carne de puerco,carne de res,carne de pollo,carne de pescado,##N/A##,##N/A##,##N/A##,##N/A##,##N/A##,##N/A##,##N/A##,0,0,0,1,refrigeración,La dirección marcada en el dispositivo es la del entrevistador debido a que la entrevista se realizó vía telefónica. El encargado del establecimiento no pudo proporcionar la fotografía del producto debido a que el establecimiento se encuentra cerradopor la pandemia.
98-75-00-04,Tamaulipas,-999999999,-999999999,E-28-07-10-02,3,,28,2027,Ciudad Victoria,"Calle Revolución, Col. Azteca",Colonia,2020-11-18T09:38:09,Carnieria,"""""""Mandos""""""",1,1,1,1,0,0,1,1,##N/A##,1,0,Carne,Pollo,Higado,Riñon,##N/A##,##N/A##,##N/A##,##N/A##,##N/A##,##N/A##,##N/A##,1,0,0,1,regitrar en un libro y cada mes verificar si aumenta o disminuye la perdida,mucha amabilidad y dosposición para contestar la entrevista
61-71-58-17,Zacatecas,-999999999,-999999999,E-32-01-02-03,4,,32,2446,Río Grande,"Corregidora, 10, Centro",Conjunto,2020-11-17T11:07:57,Marco Aurelio Rivas,Frutos Benditos,1,1,1,1,0,0,1,3,,0,0,Naranja,Zanahoria,Piña,Betabel,Apio,##N/A##,##N/A##,##N/A##,##N/A##,##N/A##,##N/A##,0,0,1,2,,ND
64-93-28-33,Zacatecas,-999999999,-999999999,E-32-01-02-02,3,,32,2417,Plateros,"San Pedro, 1, Plateros",Conjunto,2020-11-17T09:45:59,Alejandra Herrera Cruz,Flautas Javis,1,1,1,1,0,0,1,2,,0,0,Tortillas,Carne De Res,Papa,Repollo,Aguacate,##N/A##,##N/A##,##N/A##,##N/A##,##N/A##,##N/A##,1,1,1,1,Se hace un inventario y se refrigera a tiempo,##N/A##
04-58-51-38,Tamaulipas,-999999999,-999999999,E-28-07-10-03,2,,28,2027,Ciudad Victoria,"Calle Ahuizotl, Col. Azteca 2",Colonia,2020-11-18T11:07:27,Tienda de abarrotes,Lupita,1,1,1,1,0,0,1,1,bitácora,1,1,tomate,cebolla,chile serrano,papa,##N/A##,##N/A##,##N/A##,##N/A##,##N/A##,##N/A##,##N/A##,1,1,0,1,comprar menos cantidad para que toda la mercamcia se venda,muy amable
74-51-28-39,Tamaulipas,23.7198294,-99.1281397,E-28-07-05-03,4,,28,2027,Cd. Victoria,"Ave. De la Unidad a, Blvd. Fide velazquez #655, Vista Hermosa, 87130, Cd.Victoria, Tamps",Edificio,2020-11-18T09:12:34,Subodega Suc. Vista Hermosa,Subodega Suc. Vista Hermosa,1,4,1,1,0,0,3,1,bitácora de pérdidas alimenticias,1,0,Tómate,Limón,Papa,Cebolla,Lechuga,##N/A##,##N/A##,##N/A##,##N/A##,##N/A##,##N/A##,0,1,1,1,Cuidar el almacenaje del producto y su transportación,"Esta encuesta es una recaptura y las coordenadas donde se llevo a cabo la entrevista presencial son: 23.7198294, -99.1281397. Los productos proporcionados son los de mayor venta en la empresa."
20-49-43-50,Tamaulipas,23.743462,-99.110657,E-28-07-10-01,1,,28,2027,Ciudad Victoria,"Av. Tenochtitlan, Col. Azteca",colonia,2020-11-16T14:48:00,carniceria,la bota,1,1,1,1,0,0,1,2,,1,0,carnes,pollo,##N/A##,##N/A##,##N/A##,##N/A##,##N/A##,##N/A##,##N/A##,##N/A##,##N/A##,1,0,0,1,tratar de almacenar y refrigerar la carne y pollos de una manera que todo dure el mayor tiempo posible en las mejores condiciones,exelente trato y amabilidad
09-43-30-81,Zacatecas,-999999999,-999999999,E-32-01-06-01,2,,32,2443,ojocaliente,"González ortega,49, centro",NA,2020-11-18T10:41:45,marco Diaz,frutería del centro,1,1,1,1,0,0,1,2,,0,0,frutas y verduras,##N/A##,##N/A##,##N/A##,##N/A##,##N/A##,##N/A##,##N/A##,##N/A##,##N/A##,##N/A##,0,1,0,1,evitar condiciones desfavorables para el producto,##N/A##
18-50-52-79,Zacatecas,22.574749,-102.25179,E-32-01-06-02,1,,32,2443,ojocaliente,"privada González,58,centro",NA,2020-11-18T11:45:42,Jesús Medellin,panadería San miguel,1,2,1,1,0,0,1,2,,0,0,pan y bolillo,##N/A##,##N/A##,##N/A##,##N/A##,##N/A##,##N/A##,##N/A##,##N/A##,##N/A##,##N/A##,0,0,0,1,condicionar la producción a sólo lo demandado,##N/A##
16-17-40-85,Zacatecas,-999999999,-999999999,E-32-01-06-05,2,,32,2443,ojocaliente,"15 de mayo,43,centro",NA,2020-11-18T15:28:16,julio García,frutería García,1,1,1,1,0,0,1,2,,0,0,frutas y verduras,##N/A##,##N/A##,##N/A##,##N/A##,##N/A##,##N/A##,##N/A##,##N/A##,##N/A##,##N/A##,0,0,0,2,,##N/A##
76-57-00-58,Zacatecas,-999999999,-999999999,E-32-01-06-04,2,,32,2443,ojocaliente,"la palma,32, centro",NA,2020-11-18T15:14:16,Rosario Pérez,frutería Pérez,1,1,1,1,0,0,1,2,,0,0,frutas y verduras,##N/A##,##N/A##,##N/A##,##N/A##,##N/A##,##N/A##,##N/A##,##N/A##,##N/A##,##N/A##,0,0,0,2,,##N/A##
60-23-28-91,Zacatecas,22.774063,-102.574198,E-32-01-04-01,1,,32,2463,Zacatecas,Colonia centro,edificio,2020-11-13T13:16:53,Sebastián Duarte,Helados vía roma,1,1,1,1,0,0,1,2,,1,0,Helados,##N/A##,##N/A##,##N/A##,##N/A##,##N/A##,##N/A##,##N/A##,##N/A##,##N/A##,##N/A##,1,0,0,1,Cambiar maquina de refrigeración para que los productos duren más.,##N/A##
69-71-33-89,Zacatecas,-999999999,-999999999,E-32-01-04-05,2,,32,2463,Zacatecas,"Capitán Isaac Bañuelos, #125, J Santos Bañuelos",Edificio,2020-11-18T11:06:48,Francisco García,Le Crepé,1,1,1,1,0,0,1,1,Libro,1,0,Frutas,##N/A##,##N/A##,##N/A##,##N/A##,##N/A##,##N/A##,##N/A##,##N/A##,##N/A##,##N/A##,0,1,0,2,,##N/A##
14-60-31-52,Zacatecas,-999999999,-999999999,E-32-01-04-06,2,,32,2463,zacatecas,"Lago Chapala, #221, Lomas del Lago",edificio,2020-11-18T11:35:58,Empleado,Pimienta & Canela,1,1,1,1,0,0,1,3,,0,0,Carnes frias,##N/A##,##N/A##,##N/A##,##N/A##,##N/A##,##N/A##,##N/A##,##N/A##,##N/A##,##N/A##,1,1,1,2,,##N/A##
77-13-19-44,Aguascalientes,-999999999,-999999999,E-27-07-01-01,4,"post-captura, Presencial",27,1976,emiliano Zapata tabasco,Av. chiapas,ND,2020-12-01T11:53:54,Danira del Carmen López Moscoso,Restaurant Rinconcito Chiapaneco,1,1,1,1,0,0,1,2,,0,0,res,pollo,cerdo,mariscos,##N/A##,##N/A##,##N/A##,##N/A##,##N/A##,##N/A##,##N/A##,0,1,1,1,ND,atención amable
76-81-14-35,Ciudad de México,19.597243,-99.231924,E-09-06-04-01,1,,15,674,Cd López Mateos,"Paseo del Acueducto, 253,Fraccionamiento Villas de la Hacienda",Local,2020-11-30T18:56:45,Mitzi Trejo Caballero,La Hojaldrita Jarocha,1,1,1,1,0,0,1,2,,0,0,Hojaldra de pollo,Hojaldra de queso,Hojaldra de manzana,##N/A##,##N/A##,##N/A##,##N/A##,##N/A##,##N/A##,##N/A##,##N/A##,1,1,1,1,Hacer las hojaldra sobre pedido para evitar que se queden y así solo hacer lo que venderé,##N/A##
95-91-76-42,Ciudad de México,19.186811,-99.074352,E-09-02-08-01,1,,9,278,San Pablo Oztotepec,"Fabian Flores,63,San Pablo Oztotepec",ND,2020-12-01T11:41:33,Juan Duran Ramos,Recauderia Lupita,1,1,3,1,0,0,1,2,,0,0,Tomate,##N/A##,##N/A##,##N/A##,##N/A##,##N/A##,##N/A##,##N/A##,##N/A##,##N/A##,##N/A##,0,0,0,2,,##N/A##
20-35-84-30,Aguascalientes,-999999999,-999999999,E-27-01-07-04,4,"presencial, en papel",27,1976,emiliano Zapata,Av. chiapas,ND,2020-11-30T11:05:10,Manuel Calderón Balan,Quesos de los rios,1,2,1,1,0,0,1,2,,1,1,quesos,panetelas,mermelada,vinos,mantequillas,cafe,chocolates,##N/A##,##N/A##,##N/A##,##N/A##,0,1,0,1,buen manejo del producto,atención y amabilidad
18-58-26-99,Aguascalientes,-999999999,-999999999,E-27-01-07-03,4,"post-captura, originalmente presencial, entrevista recibida por correo (capturas de pantalla)",27,1976,emiliano Zapata,Av. chiapas,ND,2020-11-30T10:31:32,Maritza Valenzuela Pérez,El morro,1,1,3,1,0,0,1,2,,1,1,res,cerdo,pollo,verduras,##N/A##,##N/A##,##N/A##,##N/A##,##N/A##,##N/A##,##N/A##,1,1,1,1,se destinan para uso de comida animal,atención personalizada
93-51-89-66,Ciudad de México,19.18683,-99.073728,E-09-02-08-02,1,,9,278,San Pablo Oztotepec,"Emiliano Zapata,10, San Pablo Oztotepec",NA,2020-12-01T14:04:49,Mauro Calixto,Recauderia Calixto,1,1,1,1,0,0,1,3,,0,0,Jitomate,Tomate,##N/A##,##N/A##,##N/A##,##N/A##,##N/A##,##N/A##,##N/A##,##N/A##,##N/A##,0,0,0,2,,##N/A##
51-95-98-16,Ciudad de México,19.187858,-99.073285,E-09-02-08-04,1,,9,278,San Pablo Oztotepec,"Mamoros, S/N, San Pablo Oztotepec",Na,2020-12-01T14:43:24,Victoria Islas Guevara,Recauderia Vicky,1,1,1,1,0,0,1,1,Cuaderno,0,0,Tomate,Jitomate,Cebolla,Limón,Papá,##N/A##,##N/A##,##N/A##,##N/A##,##N/A##,##N/A##,1,0,0,2,,##N/A##
26-55-87-94,Aguascalientes,22.7602031,-102.5475399,E-32-01-05-05,4,"post-captura, Presencial",32,2463,Zacatecas,calle colina sta cruz,edificio,2020-12-02T12:14:11,abarrotes las colinas,abarrotes,1,1,1,1,0,0,1,2,,1,1,productos de primera necesidad,##N/A##,##N/A##,##N/A##,##N/A##,##N/A##,##N/A##,##N/A##,##N/A##,##N/A##,##N/A##,1,1,1,1,comprar menos de ciertos productos,##N/A##
20-51-32-82,Aguascalientes,22.7746184,-102.5734749,E-32-01-05-01,4,"post-captura, Presencial",32,2463,Zacatecas,col centro,edificio,2020-12-02T11:17:29,Marisol Ortiz,gorditas doña julia,1,1,1,1,0,0,1,2,,0,0,gorditas,##N/A##,##N/A##,##N/A##,##N/A##,##N/A##,##N/A##,##N/A##,##N/A##,##N/A##,##N/A##,0,0,0,1,calcular la venta,##N/A##
57-05-10-30,Ciudad de México,19.187302,-99.073639,E-09-02-08-03,1,,9,278,San Pablo Oztotepec,"Zapata,Sin número, San Pablo Oztotepec",NA,2020-12-01T14:29:29,Graciela Cruz,El pequeño Jorsh,1,1,3,1,0,0,1,2,,0,0,Jitomate,Cebolla,Limón,##N/A##,##N/A##,##N/A##,##N/A##,##N/A##,##N/A##,##N/A##,##N/A##,0,0,0,1,Trata de guardarlo y venderlo a bajo precio,##N/A##
48-55-38-68,Ciudad de México,19.689345,-99.167516,E-09-04-06-02,1,,15,685,Galaxia,Calle Estrella Mz:16,Puesto sobre calle,2020-12-02T14:27:38,María de los Ángeles Contreras Jiménez,La Vaca Contenta,1,1,1,1,0,0,1,2,,0,0,Queso Oaxaca,Queso Panela,Queso Manchego,##N/A##,##N/A##,##N/A##,##N/A##,##N/A##,##N/A##,##N/A##,##N/A##,0,0,0,2,,"en este caso, el desperdicio casi no se da y si se da, es solo lo que se queda de las ventas del negocio, es un local de calle que vende quesos , cremas, totopos y muy poca verdura , pero se tomaron en cuenta los productos de mayor demanda"
30-21-76-92,Ciudad de México,19.425062,-99.047724,E-09-03-01-01,1,,15,719,CD. Nezahualcóyotl,"av. 4a. avenida , av. Cuauhtémoc, col. Estado de México",Mercado San Martín Caballero,2020-12-03T13:23:16,Esteban López,pollería Karina,1,1,3,1,0,0,1,2,,1,1,pollo,##N/A##,##N/A##,##N/A##,##N/A##,##N/A##,##N/A##,##N/A##,##N/A##,##N/A##,##N/A##,1,1,1,1,eficientar los procesos para evitar perdidas,n/a
15-12-58-41,Ciudad de México,19.689394,-99.167555,E-09-04-06-01,1,,15,685,La guadalupana,Calle Lic Arturo Montiel Rojas 5 Colonia La Guadalupana,Casa - local,2020-12-01T17:50:23,José Manuel Rodríguez Riveros,Verdulería La Guadalupana,1,1,1,1,0,0,3,1,ninguno,1,1,cebolla,Chile verde,jitomate,##N/A##,##N/A##,##N/A##,##N/A##,##N/A##,##N/A##,##N/A##,##N/A##,0,1,1,2,,"La principal causa de desperdicio en el local es el factor de selección del producto para la venta, ya que muchas veces viene en mal estado y esto no siempre es totalmente visible para el dueño del local, no se destinan los desperdicios a consumo humanopor cuestiones de higiene."
76-64-81-53,Ciudad de México,19.704591,-99.144825,E-09-03-11-02,1,,15,714,Melchor Ocampo,"Filiberto Gómez, Melchor Ocampo, Melchor Ocampo",ND,2020-12-01T18:16:23,German,El surtidor,1,1,1,1,0,0,3,2,,0,0,Tomate,Jitomate,cebolla,Chiles,##N/A##,##N/A##,##N/A##,##N/A##,##N/A##,##N/A##,##N/A##,0,0,0,1,"Se ha tratado de reducir, pero es inevitable no tener mermas, ya que la temporada muchas veces genera más productos perecederos",##N/A##
82-25-72-89,Ciudad de México,19.702919,-99.143666,E-09-03-11-01,1,,15,714,Melchor Ocampo,"Melchor Ocampo, 25, Melchor Ocampo",ND,2020-12-01T16:29:28,Ricardo Pérez,El asado de la tortuga,1,2,1,1,0,0,1,2,,0,0,costilla de puerco,costillas de res,arrachera,chistorra,chorizo argentino,chorizo verde,##N/A##,##N/A##,##N/A##,##N/A##,##N/A##,0,0,1,1,Tratamos de contabilizar lo que se vende,##N/A##
75-12-04-15,Ciudad de México,19.425026,-99.047995,E-09-03-01-02,1,,15,719,CD. Nezahualcóyotl,"av. 4a avenida, av. Cuauhtémoc , col. Estado de México",mercado San Martín Caballero,2020-12-03T13:42:19,Manuel,Don Manuel,1,1,1,1,0,0,1,2,,1,1,res,puerco,##N/A##,##N/A##,##N/A##,##N/A##,##N/A##,##N/A##,##N/A##,##N/A##,##N/A##,1,1,1,1,conservación con refrigeración,ninguna
80-86-22-96,Ciudad de México,19.417553,-99.129177,E-09-02-04-03,1,,9,284,Lorenzo Boturini,"Lorenzo Boturini, 285 local B",Centro comercial,2020-12-08T15:35:03,Carlos Alberto Arevalo,Elisa,1,1,1,1,0,0,1,1,Notas,0,0,"Carne de Res, Carne de puerco",##N/A##,##N/A##,##N/A##,##N/A##,##N/A##,##N/A##,##N/A##,##N/A##,##N/A##,##N/A##,0,0,0,1,Reducir personal y mejores controles de carne,##N/A##
76-24-26-14,Ciudad de México,-999999999,-999999999,E-09-04-05-01,4,"presencial, en papel",9,276,Ermita Zaragoza,16,Mercado,2020-12-04T17:33:15,Octavio Martínez,Octavio Martínez,1,1,1,1,0,0,1,2,,0,0,Puerco,Res,##N/A##,##N/A##,##N/A##,##N/A##,##N/A##,##N/A##,##N/A##,##N/A##,##N/A##,0,1,0,2,,Ninguna
91-74-34-96,Ciudad de México,-999999999,-999999999,E-09-04-05-01,4,"presencial, en papel",9,276,Ermita Zaragoza,16,Mercado,2020-12-04T17:20:46,Joaquín Medina,Vísceras,1,1,1,1,0,0,1,2,,0,0,Boge,Higado,Corazon,Pantorrilla,Pata de res,##N/A##,##N/A##,##N/A##,##N/A##,##N/A##,##N/A##,0,0,0,2,,Se almacena para el día de mañana
10-79-05-02,Ciudad de México,-999999999,-999999999,E-01-02-03-04,4,"presencial, en papel",15,764,tlalmanalco,mercado municipal,mercado,2020-12-11T11:37:45,frutas y legumbres,frutas y legumbres,1,1,1,1,0,0,1,2,,1,1,frutas y legumbres,##N/A##,##N/A##,##N/A##,##N/A##,##N/A##,##N/A##,##N/A##,##N/A##,##N/A##,##N/A##,0,0,0,2,,no se le quedan rezagados productos
80-23-29-84,Ciudad de México,19.756908,-99.100075,E-09-06-11-01,1,,15,705,San Andrés,Francisco Javier Mina s/n,"Local comercial, tienda",2020-12-10T12:55:54,Alma Guadalupe Mendoza Lopez,Abarrotes Moni,1,1,3,1,0,0,1,2,,0,0,Comida chatarra,Abarrotes,Lácteos,semillas,##N/A##,##N/A##,##N/A##,##N/A##,##N/A##,##N/A##,##N/A##,0,0,1,1,Mejor almacenamiento,"La mayoría de los productos desperdiciados son por fecha de caducidad, y después el mal almacenamiento de los productos."
30-93-43-10,Ciudad de México,-999999999,-999999999,E-09-04-05-01,4,"presencial, en papel",9,276,Ermita zaragoza,cerró de veladero,Panadería,2020-12-10T21:00:52,Patricio Flores,Jazmín Acosta,1,3,1,1,0,0,1,2,,0,0,Bolillo,Biscocho,##N/A##,##N/A##,##N/A##,##N/A##,##N/A##,##N/A##,##N/A##,##N/A##,##N/A##,0,0,0,2,,Nada
06-46-97-81,Ciudad de México,19.572857,-99.025213,E-09-03-05-02,1,,15,694,Ecatepec,"calle trueno entre encino, sin número, unidad valle de Ecatepec",ND,2020-12-03T16:26:12,Gloria Mejía,Miriam y Gaby,1,1,3,1,0,0,3,2,,1,0,jitomate,chile,tómate,##N/A##,##N/A##,##N/A##,##N/A##,##N/A##,##N/A##,##N/A##,##N/A##,0,0,0,1,cuídar los productos uno mismo,Está entrevista la realice el día 3 de diciembre a las 16:26 horas y la concluí el mismo día a las 16:46 pero no había respaldado la información por lo tanto volví abrir la entrevista para respaldar la información es por eso que hasta ahora la estoy cerrando.
32-54-12-19,Ciudad de México,-999999999,-999999999,E-09-04-05-01,4,##N/A##,9,276,Ermita Zaragoza,14,mercado,2020-12-04T16:57:09,Alfredo Jiménez,Alfredo Jiménez,1,1,1,1,0,0,1,2,,0,0,cacahuates,fresa,uvas,platano,naranja,##N/A##,##N/A##,##N/A##,##N/A##,##N/A##,##N/A##,0,0,1,1,regala,No hay mucho conocimiento de los residuos
13-17-63-97,Ciudad de México,19.56554,-99.018609,E-09-03-05-03,1,,15,694,Ecatepec,"avenida Adolfo Mateos, entre calle José María Morelos y Pavón, colonia sagitario 10",NA,2020-12-03T17:54:04,Carmen Pérez Sánchez,El varillas,1,1,1,1,0,0,3,2,,1,0,jitomate,cebolla,chile,tómate,papa,limones,##N/A##,##N/A##,##N/A##,##N/A##,##N/A##,0,0,0,2,,"Está entrevista la realice el día 3 de diciembre a las 17:54 y la concluí el mismo día a las 18:24 horas pero no había respaldado la información, por eso estoy cerrandola hasta ahora."
27-65-45-89,Ciudad de México,19.417657,-99.129805,E-09-02-04-04,1,,9,284,Clavijero,"Clavijero, 250, delegación cuahutemoc",Comercial,2020-12-08T15:48:35,Javier Díaz,Toetilleria Javier,1,1,1,1,0,0,1,2,,0,0,"Tortilllas de maíz, chicharrón, comidas",##N/A##,##N/A##,##N/A##,##N/A##,##N/A##,##N/A##,##N/A##,##N/A##,##N/A##,##N/A##,0,0,0,1,Reciclado,##N/A##
81-79-23-03,Ciudad de México,19.506309,-98.394062,E-09-01-09-02,1,,29,2043,López mateos,juarez 12,local,2020-12-10T20:18:05,Laura Ortiz,Tienda Karla,1,1,3,1,0,0,3,1,bitácora,0,0,pan,huevo,azúcar,lácteos,##N/A##,##N/A##,##N/A##,##N/A##,##N/A##,##N/A##,##N/A##,0,1,0,1,comprar menos,##N/A##
95-13-22-02,Baja California,32.526008,-117.035783,E-02-01-06-03,3,,2,15,tijuana,calle los pinos #14088 col. guillén,col. guillén,2020-12-11T14:35:46,Talia Adilene Nuñez Ayon,Eventi,1,1,1,1,0,0,3,2,,0,0,pechuga de pollo,lechuga,espinaca,leche,##N/A##,##N/A##,##N/A##,##N/A##,##N/A##,##N/A##,##N/A##,0,1,1,1,reutilizando vegetales,disposición todo el tiempo
65-34-10-09,Ciudad de México,-999999999,-999999999,E-09-04-05-01,4,"presencial, en papel",9,276,Mercado,16,mercado,2020-12-04T17:12:34,Martín Vallejo,Martín Vallejo,1,1,1,1,0,0,1,2,,0,0,Pollo,##N/A##,##N/A##,##N/A##,##N/A##,##N/A##,##N/A##,##N/A##,##N/A##,##N/A##,##N/A##,0,0,0,2,,Todo se vende o se lleva
28-53-41-62,Ciudad de México,19.471718,-99.09886,E-09-01-01-02,1,,9,274,Ciudad de México,"Antonio Ruiz Galindo,6551, esquina 82A, Col. Dm Nacional",Local,2020-12-07T16:17:04,Carnicería mi Carmelita,Carnicería mi Carmelita,1,1,3,1,0,0,1,2,,0,0,Carne de res,Carne de puerco,Pollo,##N/A##,##N/A##,##N/A##,##N/A##,##N/A##,##N/A##,##N/A##,##N/A##,0,0,0,1,"Todo se vende, ya sea para animales, o para otros fines.","Tienen un sistema que les permite vender todo y así no generar desperdicio, la grasa que las personas no consumimos otras personas las pueden utilizar para otros fines, todo lo reciclan."
90-38-57-12,Ciudad de México,19.471328,-99.097769,E-09-01-01-01,1,,9,274,Ciudad de México,"Antonio Ruiz Galindo, col. DM Nacional",Local,2020-12-07T15:36:54,Pollería el Gallo Claudio,Pollería el Gallo Claudio,1,1,1,1,0,0,3,2,,1,1,Jitomate,Cebolla,Limón,Pollo,Lechuga,Tomate,Piña,Aguacate,Zanahoria,Manzana,##N/A##,1,0,0,1,Comprar menos,En este establecimiento apoyaron con la información necesaria.
39-37-47-76,Ciudad de México,19.376392,-99.177488,E-09-05-03-01,1,,9,283,insurgentes,millet,edificio,2020-12-03T15:41:19,sushi roll SA de CV,sushi roll SA de CV,1,3,1,1,0,0,1,1,libro bitacora,1,0,arroz,atún,zanahoria,cangrejos,camarón,salmon,aguacate,queso Philadelphia,pepino,alga,##N/A##,1,1,0,1,reducir las compras,en términos económicos las respuestas fueron proporcionadas en porcentajes
57-77-12-52,Ciudad de México,19.315529,-98.912622,E-09-05-07-03,4,videollamada de WhatsApp,15,719,Nezahualcóyotl,"Poniente 18, 451, La Perla",s/n,2020-12-10T18:47:07,Cristina Velázquez,Cocina Rita,1,1,1,1,0,0,1,1,Bitácora,1,1,Carne,Verdura,Tortillas,Pan,Huevo,##N/A##,##N/A##,##N/A##,##N/A##,##N/A##,##N/A##,0,0,1,1,Viendo que es lo que vende más y comprar menos de lo que no se vende,##N/A##
18-65-61-05,Baja California,32.503748,-116.871905,E-02-11-04-02,1,,2,15,Delegación Centro,"Calle Décima,  110-24, Zona centro, CP 22010",Plaza Bazar,2020-12-14T13:24:12,Maura Barreda Mayo,El cafecito de Mayra,1,1,1,1,0,0,3,2,,0,0,Café,"Desayuno (básico, huevo)","Comidas (básicas, carnes)",Pastelitos,Crepas,Helado empanizado,##N/A##,##N/A##,##N/A##,##N/A##,##N/A##,0,1,1,1,Disminuir las compras,"Tiene trampa de grasa, la retira la CESPT. Cuenta con extractor de humo. No lleva control de costos de las pérdidas ni desperdicios, por ello no los puede separar, se reportan solo en general."
12-44-10-01,Ciudad de México,-999999999,-999999999,E-09-02-20-02,2,,9,280,tlahuac,"Avenida la turba, 300",local,2020-12-08T18:39:12,Angel Velarde,Nati,1,1,3,1,1,0,1,1,libro excel,0,0,Embutidos,refrescos,productos lácteos,##N/A##,##N/A##,##N/A##,##N/A##,##N/A##,##N/A##,##N/A##,##N/A##,0,1,0,1,reducción de compra,##N/A##
67-30-78-63,Ciudad de México,19.756861,-99.099813,E-09-06-11-02,1,,15,705,San andres,Francisco Javier Mina,Local comercial,2020-12-10T13:59:43,Abad Javier Ramírez Estrada,"""Frutas y verduras """"Lichita""""""",1,1,1,1,0,0,1,3,,0,0,Verdura,Fruta,Semillas,##N/A##,##N/A##,##N/A##,##N/A##,##N/A##,##N/A##,##N/A##,##N/A##,1,0,0,1,"Comprar con menos maduración la verdura, y frutas",Los residuos generados en el local comercial se retiran todos los días del establecimiento para no generar plaga de insectos o algún otro malestar en el resto de los productos.
75-34-53-64,Ciudad de México,19.315526,-98.912591,E-09-05-07-01,2,,15,700,Valle verde,"Jacarandas, 28, Valle Verde",s/n,2020-12-10T18:32:48,Alma Gutiérrez,El Plebe Food Truck,1,1,1,1,0,0,3,2,,0,1,Carne,Pollo,Pan,Verduras,##N/A##,##N/A##,##N/A##,##N/A##,##N/A##,##N/A##,##N/A##,0,1,0,1,Comprar menos producto,Ninguna
25-82-54-91,Ciudad de México,19.48897,-99.203918,E-01-09-02-01,1,,9,271,San juan Tlihuaca,"Francisco Sarabia, sin numero, Colonia San Juan tlihuaca",local,2020-12-12T17:42:10,Rogelio,Don Rogers,1,1,1,1,0,0,1,2,,0,0,Pollo,Jitomate,cebolla,papaya,tomate,naranja,##N/A##,##N/A##,##N/A##,##N/A##,##N/A##,0,0,0,1,vender mas barato y traer cosas de mejor calidad,Se ve que el lugar no tiene mucha clientela por lo cual el señor no trae tanta mercancia para vender
28-48-29-67,Ciudad de México,19.572914,-99.025259,E-09-03-05-01,1,,15,694,Ecatepec,"calle trueno entre encino, sin número, unidad valle de Ecatepec",ND,2020-12-03T15:07:57,Felipe de paz,Sin nombre,1,1,1,1,0,0,1,2,,0,0,frutas,legumbres,##N/A##,##N/A##,##N/A##,##N/A##,##N/A##,##N/A##,##N/A##,##N/A##,##N/A##,0,0,1,1,se trae menos mercancía,"Está entrevista la hice el 3 de diciembre a las 15:07 horas y la concluí a las 15:30 horas, pero no había respaldado la información así que volví abrirla para poder respaldar la información, por eso estoy cerrando la entrevista hasta ahora."
95-11-63-53,Ciudad de México,19.470073,-98.348561,E-09-01-09-01,1,,29,2043,hueyotlitan,av tlaxcala,local,2020-12-10T13:07:17,eucebio galindo,carnuceria el guero,1,1,1,1,0,0,1,2,,0,0,carne de cerdo,##N/A##,##N/A##,##N/A##,##N/A##,##N/A##,##N/A##,##N/A##,##N/A##,##N/A##,##N/A##,0,1,1,1,no matar en exceso,ninguna
02-71-90-62,Ciudad de México,-999999999,-999999999,E-09-05-07-03,2,,15,719,Nezahualcóyotl,"Poniente 18, 460, La perla",s/n,2020-12-10T18:54:29,Xochitl Pérez,Antojitos Los Tecchi,1,1,1,1,0,0,1,2,,1,0,Pollo,Carne,Verduras,Papa,##N/A##,##N/A##,##N/A##,##N/A##,##N/A##,##N/A##,##N/A##,1,0,1,2,,##N/A##
97-40-86-36,Ciudad de México,19.433266,-99.14127,E-09-05-09-02,1,,9,284,Ciudad de México,"Eje Central Lázaro Cárdenas, 9, Colonia Centro, Centro, Cuauhtémoc, Ciudad de México, CDMX",Centro comercial,2020-11-28T16:19:34,Wagga Pappa,Wagga Pappa,1,3,1,1,0,0,3,2,,0,0,Carnes,Verdura,Pescado,##N/A##,##N/A##,##N/A##,##N/A##,##N/A##,##N/A##,##N/A##,##N/A##,0,1,1,1,COMPRAR PARA DOS DÍAS Y VENDERLO,NA
74-62-60-95,Ciudad de México,-999999999,-999999999,E-05-09-09-03,2,,23,1821,ND,"Almendros Súper manzana 17, Manzana 12, Lote 1",ND,2020-12-05T10:06:43,Elefantitos Rosas,Elefantitos Rosas,1,3,1,1,0,0,3,2,,0,0,Frutas,Verduras,Pollo,Harinas de repostería,##N/A##,##N/A##,##N/A##,##N/A##,##N/A##,##N/A##,##N/A##,0,1,1,2,,ND
48-02-88-02,Ciudad de México,-999999999,-999999999,E-01-01-33-03,4,"presencial, en papel",15,764,centro,mercado municipal,mercado,2020-12-11T11:31:37,Ventas de verduras y lugumbres,verduras y legumbres,1,1,1,1,0,0,1,2,,0,0,aguacate,##N/A##,##N/A##,##N/A##,##N/A##,##N/A##,##N/A##,##N/A##,##N/A##,##N/A##,##N/A##,0,0,0,1,comprar menos mercancia,ninguna
82-13-03-48,Ciudad de México,19.551109,-99.127303,E-09-01-05-01,1,,9,274,Gustavo A.Madero,Pedro Báez,Tienda de Abarrotes,2020-12-11T15:41:06,Juana Alvarado Pérez,Abarrotes la Güera,1,1,3,1,0,0,1,2,,0,0,twinky,##N/A##,##N/A##,##N/A##,##N/A##,##N/A##,##N/A##,##N/A##,##N/A##,##N/A##,##N/A##,0,0,0,1,cambio de productos,##N/A##
94-57-53-84,Ciudad de México,19.41048,-99.076972,E-09-03-01-04,1,,9,286,Venustiano Carranza,"segunda cerrada de Alberto Salinas, esquina Roberto Fierro ,30, col.Ampliacion Aviación Civil",Cocina Luna,2020-12-09T17:29:03,Elvira Luna,Cocina Luna,1,1,1,1,0,0,1,2,,0,0,guisados,sopas,agua,##N/A##,##N/A##,##N/A##,##N/A##,##N/A##,##N/A##,##N/A##,##N/A##,0,0,0,1,hacer menos alimentos y congelación en algunos,##N/A##
38-07-51-46,Ciudad de México,19.422517,-99.123864,E-09-02-04-01,1,,9,286,Mercado de Sonora,"Avenida fray servando, callejón de San Nicolás,no. 423",Centro comercial,2020-12-08T14:22:22,Nancy Andrea Hernández Castañeda,Artesanías Mendoza,1,1,1,1,0,0,1,2,,0,1,Herbolaria,##N/A##,##N/A##,##N/A##,##N/A##,##N/A##,##N/A##,##N/A##,##N/A##,##N/A##,##N/A##,1,0,0,1,Refrigerar la mercancía,"El negocio, tiene bastante gente decidí venir aquí por el gran mercado que abarca, los residuos de estas mercancías, se tratan como basura común, no hay ningún tipo de control"
33-51-68-65,Ciudad de México,-999999999,-999999999,E-01-03-01-02,2,,15,764,centro,Mercado municipal,mercado municipal,2020-12-11T11:02:33,Frutas y legumbres,frutas y legumbres,1,1,1,1,0,0,1,2,,0,0,tomate,jitomate,##N/A##,##N/A##,##N/A##,##N/A##,##N/A##,##N/A##,##N/A##,##N/A##,##N/A##,0,0,0,1,No,##N/A##
56-77-58-08,Baja California,32.526023,-117.035773,E-02-01-06-01,4,##N/A##,2,15,Zona centro,"calle 10, revolución, col. centro",N/A,2020-11-24T13:53:05,Teresa Martinez,tacos salseados,1,4,1,1,0,0,1,2,,0,0,tomate,pollo,tortilla,cebolla,##N/A##,##N/A##,##N/A##,##N/A##,##N/A##,##N/A##,##N/A##,0,1,1,1,revisión de movimientos de los productos,toda la disposición de dar la información
84-19-37-50,Ciudad de México,19.460595,-99.170803,E-09-05-03-02,1,,9,271,camarones,avenida camarones,edificio,2020-12-09T14:01:45,Sanborn  hermanos SA,sanborns,1,4,1,1,0,0,1,1,libro exel,1,1,leche,huevo,pan,carne arrachera,pollo,jamon,salchichas,naranja,zanahoria,queso,papaya,1,1,1,1,compran poco para no tener perdidas,.
07-37-94-62,Baja California,32.517725,-117.01034,E-02-01-06-02,1,,2,15,Zona urbana río tijuana,Blvd. Gral Rodolfo Sánchez Taboada  10521,zona Gastronómica,2020-12-04T16:39:43,SABORES MEXICANOS S RL DE CV,La Candelaria,1,2,1,1,0,0,1,2,,0,0,pollo,tomate,lechuga romana,papa,##N/A##,##N/A##,##N/A##,##N/A##,##N/A##,##N/A##,##N/A##,0,1,1,1,revisión y manejo adecuado del producto,muy amable
26-33-58-27,Ciudad de México,19.45877,-99.253601,E-09-02-20-01,1,,15,718,Estado de México,"San Rafael, 9",Tienda,2020-12-08T12:23:17,tienda,Nd,1,1,1,1,0,0,1,2,,0,0,CocaCola,Tortillas,Cerveza,Frituras,##N/A##,##N/A##,##N/A##,##N/A##,##N/A##,##N/A##,##N/A##,0,0,0,2,,No conocía muy bien sus datos
26-95-82-33,Ciudad de México,19.46008,-99.170529,E-09-05-03-03,1,,9,271,camarones,camarones 96,edificio,2020-12-09T14:36:03,mc Donalds,mc donals,1,3,1,0,1,0,3,1,bitacora,1,1,papas,lechuga,tomate,cebolla,carnes de res,tocino,salchichas,pan,agua enbotellada,queso amarillo,##N/A##,1,1,1,1,entrenamiento para desperdiciar menos,todos los datos fueron brindados en cajas
20-09-40-61,Ciudad de México,19.641189,-98.987368,E-09-01-04-01,2,,15,694,Ecatepec de Morelos,Ecatepec de Morelos,conjunto,2020-12-10T19:05:37,Elisa Mendieta Benavidez,Pollería y verdulería,1,1,1,1,0,0,1,2,,0,0,Pollo,Jitomate,##N/A##,##N/A##,##N/A##,##N/A##,##N/A##,##N/A##,##N/A##,##N/A##,##N/A##,0,1,1,1,dándoles segunda vida y calculando lo que tiene que comprar,"la entrevista fue amena, las preguntas fueron entendibles para el entrevistado"
40-31-16-96,Ciudad de México,19.417476,-99.128529,E-09-02-04-02,1,,9,284,Lorenzo Boturini,Lorenzo Boturini,"Lorenzo Boturini, delegación cuahutemoc, colonia Tránsito",2020-12-08T15:21:30,Polleria Lupita C.V,Polleria Lupita,1,1,2,1,0,0,3,2,,0,0,"Pollo, Huevo, Verduras",##N/A##,##N/A##,##N/A##,##N/A##,##N/A##,##N/A##,##N/A##,##N/A##,##N/A##,##N/A##,0,0,0,1,"Refrigeracion, auto consumo",Buen manejo de residuos
91-51-53-80,Aguascalientes,19.64841,-99.09657,E-09-04-20-03,4,"presencial, en papel",15,664,San Francisco,"Campanillas, 299","San Francisco Coacalco, C.P. 55710",2020-12-16T11:35:25,Antonio Mrls.,Pollería Toñita,1,2,3,0,1,0,2,2,,0,0,Pierna c/ muslo,##N/A##,##N/A##,##N/A##,##N/A##,##N/A##,##N/A##,##N/A##,##N/A##,##N/A##,##N/A##,0,0,0,2,,##N/A##
12-21-40-53,Aguascalientes,-999999999,-999999999,E-09-04-20-06,4,"presencial, en papel",15,664,los Héroes Coacalco,"Narcisos Mz. 23, C.P. 55712",Av.,2020-12-16T12:20:50,Se negó a dar su nombre,Pollería la luna,1,1,3,1,0,0,1,1,bitácora,1,0,Pollo entero,##N/A##,##N/A##,##N/A##,##N/A##,##N/A##,##N/A##,##N/A##,##N/A##,##N/A##,##N/A##,1,0,0,2,,##N/A##
44-34-82-46,Ciudad de México,19.465369,-99.166522,E-09-02-01-15,1,,9,271,urbana,"Clavelinas 147, nueva santa María",nd,2020-12-15T20:18:14,Rubén García,taqueria el rinconcito,1,1,1,1,0,0,1,2,,0,0,pan,carne de res,jitomate,##N/A##,##N/A##,##N/A##,##N/A##,##N/A##,##N/A##,##N/A##,##N/A##,1,1,1,1,manejo adecuado del producto,menciona que no tiene pérdida por que tiene buen manejo del producto
31-42-14-83,Ciudad de México,-999999999,-999999999,E-02-03-04-06,4,"presencial, en papel",15,764,tlalmanalco,mercado municipal,mercado,2020-12-11T11:44:40,frutas y legumbres,frutas y legumbres,1,1,1,1,0,0,1,2,,1,1,uva,##N/A##,##N/A##,##N/A##,##N/A##,##N/A##,##N/A##,##N/A##,##N/A##,##N/A##,##N/A##,0,0,0,1,mejorando el precio,ninguna
74-16-93-20,Aguascalientes,-999999999,-999999999,E-09-04-20-02,4,"presencial, en papel",15,663,Los Héroes Coacalco,"calle Canosas, 312",Mercado los Héroes C.,2020-12-16T11:24:50,Carmela Glz.,Pollería Carmelita,1,1,3,1,0,0,3,2,,1,0,Ala marinada,##N/A##,##N/A##,##N/A##,##N/A##,##N/A##,##N/A##,##N/A##,##N/A##,##N/A##,##N/A##,0,0,0,2,,##N/A##
83-07-51-12,Aguascalientes,19.65508,-99.11048,E-09-04-20-05,4,"presencial, en papel",15,664,Santiago Teyahualco,"Calle 6, 108, C.P. 54985",campo vacío,2020-12-16T12:05:52,Se negó a dar su nombre,"""Pollería """"El Güero""""""",1,1,3,0,1,0,1,2,,0,0,Pollo entero,##N/A##,##N/A##,##N/A##,##N/A##,##N/A##,##N/A##,##N/A##,##N/A##,##N/A##,##N/A##,1,0,1,2,,##N/A##
36-24-20-40,Ciudad de México,19.466399,-99.163925,E-09-02-01-14,2,,9,271,urbana,"avenida boldo 59, Victoria de las democracias",ND,2020-12-15T19:43:39,Arturo Morales,Loncheria Acapulco,1,1,1,1,0,0,1,2,,0,0,jitomate,carne de res,pollo,huevo,##N/A##,##N/A##,##N/A##,##N/A##,##N/A##,##N/A##,##N/A##,0,1,1,1,buen manejo del producto,##N/A##
25-40-36-43,Aguascalientes,19.6616,-99.09838,E-09-04-20-07,4,"presencial, en papel",15,664,San Francisco,"Calle Canosas, 12, Mz. 32, C.P. 55712",campo vacío,2020-12-16T12:31:42,Daniel,Pollería Compa Chuky,1,2,1,1,0,0,1,2,,0,0,Pollo procesado,##N/A##,##N/A##,##N/A##,##N/A##,##N/A##,##N/A##,##N/A##,##N/A##,##N/A##,##N/A##,0,0,0,2,,##N/A##
49-55-81-49,Aguascalientes,19.65283,-99.0936,E-09-04-20-04,4,"presencial, en papel",15,664,San Francisco Coacalco,"Framboyán, 118, C.P. 55710",campo vacío,2020-12-16T11:45:32,Marco A. Duran,Pollerías Duran,1,2,1,0,1,0,1,3,,0,0,Pechuga de pollo,##N/A##,##N/A##,##N/A##,##N/A##,##N/A##,##N/A##,##N/A##,##N/A##,##N/A##,##N/A##,0,0,1,2,,##N/A##
44-35-84-50,Aguascalientes,19.65439,-99.0965,E-09-04-20-01,4,"presencial, en papel",15,663,campo vacío,"Margaritas, 521, Sn Francisco",Mercado los Héroes C.,2020-12-16T11:00:53,Daniel Mtz.,Pollería Don Daniel,1,2,3,0,1,0,3,3,,1,0,Retazo o alas,##N/A##,##N/A##,##N/A##,##N/A##,##N/A##,##N/A##,##N/A##,##N/A##,##N/A##,##N/A##,0,0,0,2,,##N/A##
73-70-08-38,Ciudad de México,19.466315,-99.16395,E-09-02-01-11,2,,9,271,urbana,"Calle toronjil s/n, Victoria de las democracias",Mercado,2020-12-15T18:45:35,Elia,sin nombre local 69/70,1,1,3,1,0,0,1,2,,0,0,aguacate,nopal,limón,##N/A##,##N/A##,##N/A##,##N/A##,##N/A##,##N/A##,##N/A##,##N/A##,0,0,0,1,compra menos cantidad de producto,menciona que no tiene pérdida y que si llega a tener algún producto que ya va a caducar lo da para alimento de animal
65-87-03-22,Ciudad de México,19.466363,-99.1642,E-09-02-01-13,2,,9,271,urbana,"Calle membrillo s/n , Nueva Santa María",Mercado,2020-12-15T19:10:13,Esperanza Razo González,Frutas y verduras Esperanza,1,1,1,1,0,0,1,2,,0,0,jitomate,zanahoria,cebolla,calabaza,chayote,##N/A##,##N/A##,##N/A##,##N/A##,##N/A##,##N/A##,0,0,0,1,comprar el producto necesario,##N/A##
74-47-57-78,Ciudad de México,-999999999,-999999999,E-09-02-04-09,2,,9,286,Calle Norte,"Calle Norte, 17, Moctezuma segunda sección",conjunto,2020-12-15T02:02:54,José Raymundo Salcedo Novoa,Abarrotes,1,1,3,1,0,0,1,2,,0,0,"Carnes frías, lacteos, croquetas",##N/A##,##N/A##,##N/A##,##N/A##,##N/A##,##N/A##,##N/A##,##N/A##,##N/A##,##N/A##,0,0,0,2,,##N/A##
51-20-82-41,Ciudad de México,19.416,-99.057484,E-09-02-04-07,1,,9,275,Pantitlan,"Avenida Unión, no384, CP. 08100",Centro comercial,2020-12-09T21:17:51,José Antonio Vázquez Gómez,Hidalguense,1,1,1,1,0,0,1,2,,0,0,"Lacteos, y carnes frías",##N/A##,##N/A##,##N/A##,##N/A##,##N/A##,##N/A##,##N/A##,##N/A##,##N/A##,##N/A##,0,0,0,1,Refrigeracion,##N/A##
90-77-74-61,Ciudad de México,-999999999,-999999999,E-09-02-04-06,4,"presencial, en papel",9,275,Agrícola Pantitlan,"Privada Ana María y Calle 6, CP. 08100",Conjunto,2020-12-09T20:32:24,María Antonieta Garduño,Mónica,1,1,1,1,0,0,3,2,,0,0,"Lacteos, Carnes frías",##N/A##,##N/A##,##N/A##,##N/A##,##N/A##,##N/A##,##N/A##,##N/A##,##N/A##,##N/A##,0,0,0,1,Refrigeracion,##N/A##
30-10-52-13,Ciudad de México,19.740714,-99.084351,E-09-01-08-01,1,,15,720,San juan Atenanco,Avenida Juárez s/n,Local Comercial,2020-12-14T13:43:44,Julio Cesar Mendoza Borja,"""Tortillería """"El may-cero""""""",1,1,3,1,0,0,1,2,,0,0,Tortillas,totopos,##N/A##,##N/A##,##N/A##,##N/A##,##N/A##,##N/A##,##N/A##,##N/A##,##N/A##,0,0,0,2,,no hay almacenamiento de desperdicios generados debido a que estos se embolsan para su venta para ganado bovino todos los dias.
11-37-90-44,Ciudad de México,19.440481,-99.11475,E-09-05-05-05,1,,9,286,Morelos,Hortelanos,Mercado Morelos Local 527 - 528 (legumbres),2020-12-14T17:46:55,Guadalupe Cruz,Mercado Local 527-528,1,1,1,1,0,0,1,2,,0,0,Jitomate,tomate,##N/A##,##N/A##,##N/A##,##N/A##,##N/A##,##N/A##,##N/A##,##N/A##,##N/A##,0,0,0,2,,Establecimiento visto por la delegación
42-75-91-86,Ciudad de México,19.460429,-99.253638,E-09-02-20-04,1,,15,718,Estado de México,Lomas de San Agustín,local,2020-12-14T13:42:45,Tienda,Tienda,1,1,1,1,0,0,1,1,libro excel,1,0,galletas,refrescos,##N/A##,##N/A##,##N/A##,##N/A##,##N/A##,##N/A##,##N/A##,##N/A##,##N/A##,1,0,0,1,armar ofertas,Un local donde venden productos próximos a caducar
89-85-78-54,Ciudad de México,19.455393,-99.192386,E-09-06-03-01,2,,9,281,Pueblo San Miguel Topilejo,"Mirador Chapultepec 36, col. San Miguel Topilejo",ND,2020-12-14T21:45:58,María de la Luz Avila Mancera,Tortillería Chapultepec,1,1,1,1,0,0,1,1,Cuaderno,0,0,Tortilla 100%,##N/A##,##N/A##,##N/A##,##N/A##,##N/A##,##N/A##,##N/A##,##N/A##,##N/A##,##N/A##,0,0,0,1,"Dependiendo de las ventas, se compra más o se compra menos materia prima para el siguiente mes",##N/A##
04-34-19-99,Ciudad de México,19.44023,-99.115055,E-09-05-05-03,1,,9,286,Colonia Morelos,Hortelanos y Herreros,Mercado Morelos,2020-12-11T17:46:31,Eduardo Salazar,Mercado Local 23,1,1,3,1,0,0,1,2,,0,0,Carne de Res,##N/A##,##N/A##,##N/A##,##N/A##,##N/A##,##N/A##,##N/A##,##N/A##,##N/A##,##N/A##,0,1,1,2,,Establecimiento Regulado por el Municipio o Delegación
73-63-62-43,Ciudad de México,19.440536,-99.114682,E-09-05-05-04,1,,9,286,Morelos,Herreros y Hortelanos,Mercado Morelos,2020-12-14T17:26:30,Beto Trinidad,Mercado Morelos Local 370 Frutería,1,1,1,1,0,0,3,2,,1,0,naranjas,mandarinas,piña,##N/A##,##N/A##,##N/A##,##N/A##,##N/A##,##N/A##,##N/A##,##N/A##,0,0,0,2,,Establecimiento visto por la delegación o  Municipio (Informal)
09-34-53-08,Ciudad de México,-999999999,-999999999,E-09-02-20-03,2,,15,718,Estado de México,"camelia, 10, San Rafael chamapa",local,2020-12-13T17:04:12,Sofía Martínez,Tienda,1,1,1,1,0,0,1,2,,0,0,refrescos,cerveza,frituras,##N/A##,##N/A##,##N/A##,##N/A##,##N/A##,##N/A##,##N/A##,##N/A##,1,0,0,2,,##N/A##
20-05-46-45,Ciudad de México,19.551247,-99.127097,E-09-01-05-03,2,,9,274,Gustavo A. Madero,Córdoba Moral,Lechería,2020-12-14T18:30:41,María de los Ángeles Bartolo de la Cruz,"Lechería 6 de Junio ,No. de Lechería 5106",1,1,1,1,0,0,1,1,"En un reporte apunto faltante, sobrante, robo o rotas.",1,1,Leche,##N/A##,##N/A##,##N/A##,##N/A##,##N/A##,##N/A##,##N/A##,##N/A##,##N/A##,##N/A##,0,1,0,2,,##N/A##
08-65-81-31,Ciudad de México,19.440464,-99.114736,E-09-05-05-01,1,,9,286,Morelos,Eduardo Molina s/n,Mercado Morelos,2020-12-10T17:42:26,Jorge Andres,Mercado Morelos Local 379,1,1,1,1,0,0,3,2,,1,0,Mandarina,Platano,Durazno,##N/A##,##N/A##,##N/A##,##N/A##,##N/A##,##N/A##,##N/A##,##N/A##,0,0,0,1,Clasificar o Dividir el producto,Establecimiento regulado por el municipio
72-14-01-21,Ciudad de México,19.926694,-100.179722,E-16-01-07-01,1,,16,803,Contepec,Crucero,Super 6,2020-12-12T02:48:31,Super 6,Super Six,1,1,1,1,0,0,3,2,,0,0,Fresas,##N/A##,##N/A##,##N/A##,##N/A##,##N/A##,##N/A##,##N/A##,##N/A##,##N/A##,##N/A##,0,0,0,1,"Mas personal que recolecte la fresa, buen almacenamiento de ésta",El entrevistado no permitió tomar fotografía por protección
72-04-49-69,Ciudad de México,19.568445,-99.022307,E-09-03-05-04,1,,15,694,Ecatepec,"Av. José Maria Morelos y Pavón & Las Aves, Valle de Ecatepec, 55119 Ecatepec de Morelos, Méx.",Mercado municipal valle de Ecatepec Sagitario X,2020-12-14T14:45:17,José Durán Rodríguez,Local 8 Del mercado municipal de Valle de Ecatepec Sagitario X,1,1,1,1,0,0,1,1,bitácora,0,0,legumbres,hiervas,frutas,##N/A##,##N/A##,##N/A##,##N/A##,##N/A##,##N/A##,##N/A##,##N/A##,0,0,0,1,Limpieza al producto y apartar lo que ya no sirve para que no contamine la demás mercancía,Ninguna
07-16-71-47,Ciudad de México,19.440331,-99.114688,E-09-05-05-06,1,,9,286,Morelos,Hortelanos y Herreros,mercado Morelos,2020-12-14T18:03:01,Antonia Rangel,Mercado Morelos Local 363,1,1,1,1,0,0,1,2,,0,0,jitomate,Aguacate,Cilantro,##N/A##,##N/A##,##N/A##,##N/A##,##N/A##,##N/A##,##N/A##,##N/A##,0,0,0,1,Guardar en Refrigeración,Establecimiento visto por la delegación (Informal)
07-58-58-23,Ciudad de México,19.775895,-99.218298,E-09-04-06-04,1,,15,684,Barrio Santiago,Av Constitución,local,2020-12-13T15:07:19,Rogelio Ibarra Herrera,Carnicería El Puerto,1,1,3,1,0,0,1,1,conteo personal,0,0,bistec res,bistec cerdo,##N/A##,##N/A##,##N/A##,##N/A##,##N/A##,##N/A##,##N/A##,##N/A##,##N/A##,1,0,0,1,cambio de corte en la carne,no
78-29-84-61,Ciudad de México,19.775924,-99.218328,E-09-04-06-03,1,,15,684,barrio Santiago,Av Constitución,Local,2020-12-13T11:39:41,Daniel Almazán Mercado,Carnicería Danny,1,1,3,1,0,0,3,1,bitácora,0,1,bistec,longaniza,queso Oaxaca,##N/A##,##N/A##,##N/A##,##N/A##,##N/A##,##N/A##,##N/A##,##N/A##,1,1,1,1,producto al alto vacio,nada
73-06-08-66,Baja California,32.503734,-116.871739,E-02-11-04-01,1,,2,15,Delegación Mesa de Otay,"Calle 15, 1074, Col. Libertad parte alta, CP 22000",Locales comerciales,2020-12-15T12:13:29,Arcelia Hernández Román,"""Gorditas y jugos """"La Chapis""""""",1,1,1,1,0,0,3,2,,0,0,Gorditas (varios guisados),Desayunos (Huevo),Comida corrida,Aguas frescas,Jugos (frutas de temporada),"Café (de grano, molido)",##N/A##,##N/A##,##N/A##,##N/A##,##N/A##,0,0,0,1,Revisar constantemente los productos en existencia.,"El establecimiento es fijo. No lleva registros contables propiamente dicho (RIF), esto impide que pueda identificar las pérdidas por producto. No tiene un sistema de control de costos. Carece de medidas de control de manejo de desperdicios como trampa degrasa y extractor de humo, por ejemplo."
80-07-60-11,Ciudad de México,19.471746,-99.10699,E-05-01-10-01,2,,9,274,"H.Congreso de la Unión 5127, Belisario Domínguez, Gustavo A. Madero, 07869 Ciudad de México, CDMX","H.Congreso de la Unión 5127, Belisario Domínguez, Gustavo A. Madero, 07869 Ciudad de México, CDMX","H.Congreso de la Unión 5127, Belisario Domínguez, Gustavo A. Madero, 07869 Ciudad de México, CDMX",2020-12-14T16:27:51,Armando Ramírez,La perla Tapatia Birrieria,1,4,1,1,0,0,1,3,,0,0,Birría,Pozole,Tacos,Carne Asada,Sopes,##N/A##,##N/A##,##N/A##,##N/A##,##N/A##,##N/A##,0,1,0,1,Administrar bien los recursos,"El entrevistado se veía muy indeciso, no quería proporcionar mucha informacion"
64-89-09-35,Baja California,32.533955,-117.06051,E-02-11-02-02,1,,2,15,Delegación Centro,"Mar amarillo, 5808, Alemán",NA,2020-12-03T13:58:22,Imelda Araceli Cervantes Iñiguez,Tortillería el granito,1,1,1,1,0,0,1,1,Cuaderno,1,0,Tortillas,Masa,##N/A##,##N/A##,##N/A##,##N/A##,##N/A##,##N/A##,##N/A##,##N/A##,##N/A##,0,0,0,1,Prestar más atención a la hora de iniciar el proceso.,"El establecimiento es pequeño, por cuestión de sana distancia se evitó tomar la fotografía en el interior.  Es fijo, el productor renta el espacio. Tiene operando 5 años aproximadamente.  Abre de 5 a.m. a 3 p.m."
02-22-73-77,Aguascalientes,19.689194,-99.6866389,E-09-04-03-02,4,"presencia, en papel",15,685,"Cuautitlán de Romero Rubio, Estado de México","Avenida San Roque, s/n, S4840",local fijo,2020-12-15T14:45:37,Sergio Hernández R.,Rosticeria Charlie,1,1,1,1,0,0,1,2,,0,1,Pollos rostizados,##N/A##,##N/A##,##N/A##,##N/A##,##N/A##,##N/A##,##N/A##,##N/A##,##N/A##,##N/A##,1,0,1,1,Regular la cantidad de pollo,Estandarizado todos los residuos
94-39-20-08,Baja California,32.533582,-117.060073,E-02-11-01-03,1,,2,15,Delegación Centro,"Callejón tercero, 6125, lindavista",NA,2020-12-03T17:10:16,Héctor Chávez rosas,Tacos el paisano,1,2,1,1,0,0,1,2,,0,0,Tacos,##N/A##,##N/A##,##N/A##,##N/A##,##N/A##,##N/A##,##N/A##,##N/A##,##N/A##,##N/A##,1,0,0,1,"Conocimiento del mercado. Los insumos se pueden utilizar al día siguiente,.","Precio del taco $22, la venta promedio mensual es de 24,000 tacos. En promedio, hace 20 tacos por kilo de carne. Ofrecen otros productos pero su fuerte es el taco. Establecimiento fijo, es propio y tienen más de 50 años con el negocio. El actual dueño,es la 4ta. generación."
22-69-64-75,Ciudad de México,19.371539,-99.214988,E-09-04-09-03,1,,9,279,olivar del conde,Agustín Lara,establecimiento local,2020-12-10T14:15:25,Eduardo,la lechería,1,1,1,1,0,0,1,2,,1,1,queso,crema,##N/A##,##N/A##,##N/A##,##N/A##,##N/A##,##N/A##,##N/A##,##N/A##,##N/A##,1,1,1,1,anticipo de caducidad,##N/A##
18-62-71-19,Ciudad de México,19.467697,-99.163496,E-09-02-01-07,1,,9,271,urbana,"Calle toronjil 88, Victoria de las democracias",nd,2020-12-15T16:48:19,Adrián,panadería las democracias,1,1,1,1,0,0,1,2,,0,0,harina,huevo,azúcar,##N/A##,##N/A##,##N/A##,##N/A##,##N/A##,##N/A##,##N/A##,##N/A##,0,1,1,2,,##N/A##
09-55-11-13,Aguascalientes,19.6891667,-99.166361,E-09-04-03-03,4,"presencial, en papel",15,685,"Cuautitlán de Romero Rubio, Estado de México","calle lic. Arturo Montiel Rojas, La guadalupana, Cuautitlan",local fijo,2020-12-15T15:04:48,Jonathan Chávez,Distribuidora Jhony,1,1,1,1,0,0,1,2,,0,0,Pollo fresco,##N/A##,##N/A##,##N/A##,##N/A##,##N/A##,##N/A##,##N/A##,##N/A##,##N/A##,##N/A##,0,1,1,2,,"""El principal generador de pérdida del negocio es que los distribuidores tengan un mal manejo con la mercancía por lo que maltratan la mercancía y se presenta el problema que el pollo """"esté golpeado"""""""
81-30-37-04,Baja California,32.533118,-117.05831,E-02-11-01-01,1,,2,15,Delegación La Mesa,"Josefa Ortiz de Domínguez, 16503, Lomas de la amistad",NA,2020-12-02T20:43:15,Juan José Sepúlveda Valerio,La casita del tamal,1,1,1,1,1,0,1,2,,1,0,Tamales,##N/A##,##N/A##,##N/A##,##N/A##,##N/A##,##N/A##,##N/A##,##N/A##,##N/A##,##N/A##,0,0,1,2,,"El establecimiento es fijo. Destino minorista 70% y mayorista  30%. origen nacional 50% e importado 50%.  precio del mercado $ 16. variedad de tamales : de carne de res, carne de cerdo,  pollo y elote. El peso del tamal es de 200 grs. Tiene 8 años en este domicilio donde elaboran los tamales de carne, en la otra sucursal se elaboran los de elote."
28-46-36-32,Ciudad de México,19.372397,-99.213977,E-09-04-09-02,1,,9,279,olivar del conde,Agustín Lara,establecimiento local,2020-12-10T13:55:54,Saúl Mendiola,pollería Evelin,1,1,1,1,0,0,1,2,,0,0,venta de pollo,##N/A##,##N/A##,##N/A##,##N/A##,##N/A##,##N/A##,##N/A##,##N/A##,##N/A##,##N/A##,0,0,0,1,ninguna,##N/A##
10-14-92-72,Ciudad de México,19.46759,-99.162972,E-09-02-01-06,1,,9,271,urbano,"toronjil s/n, Victoria de las democracias",mercado,2020-12-15T16:32:17,Yolanda Rodríguez Pérez,Carnicería Guerrero,1,2,1,1,0,0,1,1,bitácora,1,0,arrachera,carne molida,longaniza,##N/A##,##N/A##,##N/A##,##N/A##,##N/A##,##N/A##,##N/A##,##N/A##,0,1,1,1,"mejor manejo del producto, refrigeración",La foto no pudo ser tomada por que ya había limpiado todo
62-92-67-84,Baja California,32.529983,-116.972679,E-02-11-01-04,1,,2,15,Otay Centenario,"Calzada Tecnológico, 15300-105, Fracc. Altabrisa",Plaza universitaria,2020-12-11T16:07:26,Martha Talavera Gómez,El sazón de Panchita,1,2,1,1,0,0,1,2,,1,1,comida del dia,##N/A##,##N/A##,##N/A##,##N/A##,##N/A##,##N/A##,##N/A##,##N/A##,##N/A##,##N/A##,1,0,0,1,"Atiende qué día laborable es, está al pendiente del clima, tiene conocimiento y experiencia en el sector.","Establecimiento fijo, con 3 años en esta ubicación."
88-05-83-73,Ciudad de México,19.371487,-99.213153,E-09-04-09-01,1,,9,279,olivar del conde,"Ernesto p. huruchurto # 351 , olivar del conde",establecimiento local,2020-12-10T13:32:24,Juan Carlos Cruz Hernández,carnicería y tocineria el faro,1,1,1,1,0,0,1,1,bitácora,1,1,venta de carne de res,##N/A##,##N/A##,##N/A##,##N/A##,##N/A##,##N/A##,##N/A##,##N/A##,##N/A##,##N/A##,0,0,1,1,sacar productos a tiempo,##N/A##
44-28-49-31,Ciudad de México,19.466265,-99.163946,E-09-02-01-10,2,,9,271,urbana,"Calle toronjil s/n, Victoria de las democracias",Mercado,2020-12-15T18:37:50,Rosaisela,Don Lucio local 104,1,1,1,1,0,0,1,2,,0,0,Espinaca,Brócoli,Lechuga Romana,##N/A##,##N/A##,##N/A##,##N/A##,##N/A##,##N/A##,##N/A##,##N/A##,0,0,0,2,,no quiso dar nombre completo
37-12-48-61,Ciudad de México,19.466406,-99.163938,E-09-02-01-05,2,,9,271,urbana,"Calle Perejil 45, Victoria de las democracias",nd,2020-12-15T13:52:38,Raúl Luna,Polleria la sombra,1,1,3,1,0,0,1,2,,1,0,pollo,huevo,##N/A##,##N/A##,##N/A##,##N/A##,##N/A##,##N/A##,##N/A##,##N/A##,##N/A##,0,1,1,1,congelar el producto,##N/A##
93-83-50-31,Ciudad de México,19.440175,-99.114852,E-09-05-05-02,1,,9,286,Morelos,Herreros y Ortelanos,mercado,2020-12-10T18:09:06,Fidel García Monifasio,mercado Morelos Local 430,1,1,1,1,0,0,3,2,,0,0,Pollo,##N/A##,##N/A##,##N/A##,##N/A##,##N/A##,##N/A##,##N/A##,##N/A##,##N/A##,##N/A##,0,1,0,2,,Establecimiento regulado por el municipio o Delegación
77-52-96-70,Ciudad de México,19.375491,-99.213383,E-09-04-09-05,1,,9,279,palmas,José Manuel de Herrera,local comercial,2020-12-10T14:42:57,Laura Hernández,ND,1,1,1,1,0,0,1,2,,1,0,naranja,mandarina,guayaba,##N/A##,##N/A##,##N/A##,##N/A##,##N/A##,##N/A##,##N/A##,##N/A##,0,0,0,1,"vender más barato , ofertando la mercancía .",##N/A##
45-84-84-07,Ciudad de México,19.466276,-99.162457,E-09-02-01-09,1,,9,271,urbana,"Calle toronjil 39, Victoria de las democracias",nd,2020-12-15T17:15:59,Carolina de la Cruz,Corazón café,1,1,1,1,0,0,3,2,,1,1,café en grano,pasteles,tisanas,##N/A##,##N/A##,##N/A##,##N/A##,##N/A##,##N/A##,##N/A##,##N/A##,1,1,1,1,manejar el producto necesario,menciona que todos sus productos son utilizados y no genera pérdida maneja el producto necesario
54-69-78-85,Ciudad de México,19.466389,-99.163992,E-09-02-01-04,2,,9,271,urbana,"Calle Pimienta s/n, Ignacio Allende",Mercado,2020-12-15T13:40:35,Roberto,Polleria Francisco,1,1,1,1,0,0,1,2,,0,0,pollo,##N/A##,##N/A##,##N/A##,##N/A##,##N/A##,##N/A##,##N/A##,##N/A##,##N/A##,##N/A##,0,1,1,1,congelar el producto,##N/A##
63-23-60-25,Ciudad de México,19.372481,-99.214552,E-09-04-09-04,1,,9,279,olivar del conde,"Miguel Hidalgo , olivar del conde",local comercial,2020-12-10T14:29:46,Luis Pérez,súper pollos Luis,1,1,1,1,0,0,1,1,bitácora,1,0,pollo fresco,##N/A##,##N/A##,##N/A##,##N/A##,##N/A##,##N/A##,##N/A##,##N/A##,##N/A##,##N/A##,1,0,1,1,venderlo más barato,##N/A##
12-33-17-05,Aguascalientes,19.688667,-99.1707222,E-09-04-03-01,4,"presencial, captada en papel",15,685,"Cuautitlán de Romero Rubio, Estado de México","Principal, San Roque, S4800, s/n, Cuautitlán",local fijo,2020-12-15T14:05:36,Antonio Saluatori Hernández,La huerta de Toño,1,1,1,1,0,0,3,2,,1,0,jitomate,##N/A##,##N/A##,##N/A##,##N/A##,##N/A##,##N/A##,##N/A##,##N/A##,##N/A##,##N/A##,1,0,0,1,mejorar las condiciones de almacenaje,"Tienen un buen manejo en sus residuos o desperdicios, incluso en ocasiones regalan lis productos que se rezagan"
12-06-38-41,Ciudad de México,19.467653,-99.163073,E-09-02-01-08,1,,9,271,urbana,"Calle toronjil s/n, Victoria de las democracias",mercado,2020-12-15T17:02:39,Juan Carlos Ornelas Belaunzaran,local 24,1,1,1,1,0,0,1,2,,0,0,Oaxaca,queso rayado,panela,##N/A##,##N/A##,##N/A##,##N/A##,##N/A##,##N/A##,##N/A##,##N/A##,0,1,1,1,refrigeración,menciona que no tiene pérdida en los productos por que vende todo
12-74-49-92,Ciudad de México,19.466363,-99.163737,E-09-02-01-03,2,,9,271,urbana,"Calle toronjil 66, Victoria de las democracias",na,2020-12-15T13:05:59,Norma García,El Tukan,1,3,1,1,0,0,1,2,,0,0,carne de cerdo,pollo,res,##N/A##,##N/A##,##N/A##,##N/A##,##N/A##,##N/A##,##N/A##,##N/A##,1,1,1,1,comprar solo lo necesario,"El informante menciona que no genera pérdidas en productos orgánicos, por que compra sólo necesario"
51-24-94-62,Ciudad de México,19.4664,-99.16394,E-09-02-01-02,2,,9,271,urbana,"Calle Muitle 83, Victoria de las democracias",na,2020-12-15T11:38:43,Francisco Ortega González,sin nombre,1,1,1,1,0,0,1,2,,0,0,pollo,papa,fresa,manzana,platano,uva,salchicha,queso,arroz,##N/A##,##N/A##,0,0,0,1,Solo comprar lo necesario,##N/A##
78-18-21-65,Ciudad de México,19.466402,-99.163939,E-09-02-01-01,2,,9,271,urbana,"Calle Muitle 83, Victoria de las democracias",na,2020-12-15T11:17:04,Francisco Ortega González,Tacos Paco,1,1,1,1,0,0,1,2,,0,0,pollo,carne de res,queso,pan,verdura,##N/A##,##N/A##,##N/A##,##N/A##,##N/A##,##N/A##,0,0,0,2,,##N/A##
53-73-04-92,Aguascalientes,19.6906667,-99.1658889,E-09-04-03-06,4,"presencial, en papel",15,685,"Cuautitlán de Romero Rubio, Estado de México","Calle estrella y Vía láctea, local 2, Galaxia, Cuautitlán",Local fijo,2020-12-15T15:45:15,Anónimo (Propietario),Carniceria la mejor,1,1,1,1,0,0,1,2,,1,1,Carne de res,##N/A##,##N/A##,##N/A##,##N/A##,##N/A##,##N/A##,##N/A##,##N/A##,##N/A##,##N/A##,1,0,0,1,campo vacío,Al parecer toda la carne que se desperdicia lo trasladan a unas máquinas de procesamiento para carne molida o para elaborar longaniza. El apartado ES_7g no se quiso responder. Noté inconsistencias en las respuestas del entrevistado quien no quiso proporcionar su nombre
61-92-75-17,Ciudad de México,19.382963,-99.006699,E-09-05-04-03,2,,9,284,Paulino Navarro,"Topacio, NA, Cuauhtemoc",Mercado ambulante,2020-12-15T19:19:33,Escamilla Arias Alicia,Puesto de comida rápida,1,1,1,1,0,0,3,2,,0,0,Chilaquiles,Carne de pollo,Carne de res,Pan,##N/A##,##N/A##,##N/A##,##N/A##,##N/A##,##N/A##,##N/A##,0,0,0,2,,##N/A##
72-91-55-52,Ciudad de México,19.440182,-99.114634,E-09-05-05-09,1,,9,286,Morelos,Hortelanos y Herreros,Mercado Morelos,2020-12-15T18:11:50,María Chávez,Mercado Morelos Local 305,1,1,1,1,0,0,1,2,,0,0,jitomate,cebolla,papa,tomate,calabaza,tomate,##N/A##,##N/A##,##N/A##,##N/A##,##N/A##,0,0,0,2,,establecimiento visto por la delegación
97-73-87-30,Aguascalientes,19.6904167,-99.1659444,E-09-04-03-05,4,"presencial, en papel",15,685,"Cuautitlán de Romero Rubio, Estado de México","calle estrella esquina Vía láctea 54840 Galaxia, Cuautitlán",local fijo,2020-12-15T15:32:33,Anónimo (Propietario),Recooderia la Güera,1,1,1,1,0,0,1,2,,1,0,lechuga romana,##N/A##,##N/A##,##N/A##,##N/A##,##N/A##,##N/A##,##N/A##,##N/A##,##N/A##,##N/A##,0,1,1,1,Refrigeración,"El establecimiento cuenta con refrigeradores para conservar los productos orgánicos por un mayor tiempo, retardando el periodo de descomposición. También cuentan con un pequeño sistema de Composteo"
36-35-54-94,Ciudad de México,19.382943,-99.006691,E-09-05-04-02,2,,9,284,Paulino Navarro,"Topacio, NA, Cuauhtémoc",Mercado ambulante,2020-12-15T19:08:29,León Sermeño Gabriel,Tacos del pelon,1,2,1,1,0,0,3,2,,0,0,Longaniza,Tripa,##N/A##,##N/A##,##N/A##,##N/A##,##N/A##,##N/A##,##N/A##,##N/A##,##N/A##,0,0,0,2,,##N/A##
20-27-37-35,Aguascalientes,19.688972,-99.16575,E-09-04-03-04,4,"presencial, en papel",15,685,"Cuautitlán, Estado de México","calle lic. Arturo Montiel Rojas 345, Galaxia, Cuautitlán mex",Local fijo,2020-12-15T15:18:58,Wendy Grande Hernández,Tortillería Pao,1,1,1,1,0,0,1,1,Excel,1,0,Tortilla de maíz,##N/A##,##N/A##,##N/A##,##N/A##,##N/A##,##N/A##,##N/A##,##N/A##,##N/A##,##N/A##,0,1,1,1,menor % de harina,Ni se fotografió ya que no existen en ese momento. En muy rara vez se presentan desperdicios en el local de tortillas en el caso que exista un excedente se le agrega ese excedente a la siguiente carga reducen la cantidad de harina y le aplican el maíz que se ha rezagado
65-10-32-47,Ciudad de México,19.382953,-99.006691,E-09-05-04-01,2,,9,284,Paulino Navarro,"Topacio, NA, Cuauhtemoc",Mercado ambulante,2020-12-15T18:58:31,Escamilla Arias Sandra Lizbeth,Caldos la Lampi,1,1,1,1,0,0,3,3,,0,0,Migas(Caldo),##N/A##,##N/A##,##N/A##,##N/A##,##N/A##,##N/A##,##N/A##,##N/A##,##N/A##,##N/A##,1,1,1,1,Regalar lo que sobra,##N/A##
50-66-00-68,Ciudad de México,19.440175,-99.114452,E-09-05-05-08,1,,9,286,Morelos,Hortelanos y Herreros,Mercado Morelos,2020-12-15T17:51:50,Enrique Sánchez,Mercado Morelos Local 184,1,1,1,1,0,0,1,2,,0,0,Jitomate,Ejote,cilantro,calabaza,##N/A##,##N/A##,##N/A##,##N/A##,##N/A##,##N/A##,##N/A##,0,1,0,2,,establecimiento visto por la delegación
44-47-19-75,Ciudad de México,19.382928,-99.006678,E-09-05-04-05,2,,9,284,Paulino Navarro,"Topacio, NA, Cuauhtemoc",Mercado ambulante,2020-12-15T19:40:42,Escamilla Arias Gerardo,ND,1,1,1,1,0,0,3,2,,0,0,Guisados Varios,Tortillas,Frijoles,##N/A##,##N/A##,##N/A##,##N/A##,##N/A##,##N/A##,##N/A##,##N/A##,0,0,0,2,,##N/A##
60-49-66-43,Ciudad de México,19.466366,-99.163932,E-09-02-01-12,2,,9,271,urbana,"Calle toronjil s/n, Victoria de las democracias",Mercado,2020-12-15T18:55:38,María del Carmen Pérez,local 42,1,1,1,1,0,0,3,2,,0,0,mojarra,cazón,camarón,##N/A##,##N/A##,##N/A##,##N/A##,##N/A##,##N/A##,##N/A##,##N/A##,0,0,0,1,refrigeración,"El producto que desecha, lo tira a la basura"
25-51-75-31,Ciudad de México,19.439933,-99.113941,E-09-05-05-07,1,,9,286,Morelos,Eduardo Molina y Hortelanos,Mercado Morelos,2020-12-15T17:33:45,Roberto Fernández,Mercado Morelos Local 188,1,1,1,1,0,0,3,2,,0,0,guayaba,##N/A##,##N/A##,##N/A##,##N/A##,##N/A##,##N/A##,##N/A##,##N/A##,##N/A##,##N/A##,0,0,1,2,,Establecimiento visto por la delegación
31-28-80-45,Aguascalientes,19.4763635,-99.1538724,E-09-06-08-02,2,,9,271,Ciudad de México,"Mercado Prohogar calle 19 esq calle 12, Azcapotzalco 02600 CDMX","Mercado Prohogar Local #15, corredor industrial",2020-12-15T16:55:30,verdulería los gallos,verdulería los gallos,1,2,1,1,0,0,1,1,inventarios,1,0,verduras,##N/A##,##N/A##,##N/A##,##N/A##,##N/A##,##N/A##,##N/A##,##N/A##,##N/A##,##N/A##,1,1,0,1,Generar ofertas para interés del público,El locatario se escuchaba dudoso en sus respuestas
10-44-37-96,Ciudad de México,19.382974,-99.006711,E-09-05-04-04,3,,9,284,Paulino Navarro,"Topacio, 298, Cuauhtemoc",Mercado ambulante,2020-12-15T19:29:39,Rodríguez Escamilla Carlos Oman,Antojitos Mexicanos EA,1,2,1,1,0,0,3,2,,0,0,Huaraches,Queso,##N/A##,##N/A##,##N/A##,##N/A##,##N/A##,##N/A##,##N/A##,##N/A##,##N/A##,0,0,0,2,,##N/A##
86-24-53-95,Ciudad de México,-999999999,-999999999,E-03-09-02-02,3,,9,271,San Marcos,"Amtigua Calzada de Guadalupe, 86, San Marcos",Local,2020-12-12T18:30:26,Benito Rivera Aguilar,Mi Reina Michoacana,1,1,1,1,0,0,1,2,,0,0,paletas,Aguas,helados,##N/A##,##N/A##,##N/A##,##N/A##,##N/A##,##N/A##,##N/A##,##N/A##,0,0,0,1,estar al pendiente de la temperatura del almacenamiento del producto,Muy buena gente excelente presentacion
59-83-90-61,Ciudad de México,19.716164,-99.136251,E-09-03-11-03,1,,15,714,Melchor Ocampo,"Juárez, col centro",ND,2020-12-15T19:05:28,Gerónimo Castillo,"""Frutería """"Castillo""""""",1,1,1,1,0,0,3,2,,0,0,Uvas,Peras,Manzana,Kiwis,##N/A##,##N/A##,##N/A##,##N/A##,##N/A##,##N/A##,##N/A##,0,0,0,2,,##N/A##
81-56-88-97,Ciudad de México,19.716258,-99.13679,E-09-03-11-02,1,,15,714,Visitacion,"Juárez, Visitacion, Melchor Ocampo",ND,2020-12-15T18:52:13,"""Frutas y verduras """"El gallito""""""",Juan Pablo,1,1,1,1,0,0,1,2,,0,0,Naranja,Mandarina,Jitomate,##N/A##,##N/A##,##N/A##,##N/A##,##N/A##,##N/A##,##N/A##,##N/A##,0,0,0,1,Compra de producto más verde,##N/A##
